,date,counts,year,month,day
0,1992-12-08,1,1992,12,8
1,1993-03-02,1,1993,3,2
2,1993-03-08,1,1993,3,8
3,1993-03-09,1,1993,3,9
4,1993-03-10,1,1993,3,10
5,1993-03-15,1,1993,3,15
6,1993-03-16,2,1993,3,16
7,1993-03-27,1,1993,3,27
8,1993-03-30,1,1993,3,30
9,1993-04-05,1,1993,4,5
10,1993-04-14,1,1993,4,14
11,1993-04-20,2,1993,4,20
12,1993-04-23,1,1993,4,23
13,1993-04-26,1,1993,4,26
14,1993-04-27,1,1993,4,27
15,1993-04-28,1,1993,4,28
16,1993-04-29,2,1993,4,29
17,1993-05-01,1,1993,5,1
18,1993-05-07,1,1993,5,7
19,1993-06-10,1,1993,6,10
20,1993-06-15,1,1993,6,15
21,1993-06-17,1,1993,6,17
22,1993-06-18,1,1993,6,18
23,1993-06-30,1,1993,6,30
24,1993-07-04,1,1993,7,4
25,1993-07-07,1,1993,7,7
26,1993-07-10,1,1993,7,10
27,1993-07-12,2,1993,7,12
28,1993-07-13,1,1993,7,13
29,1993-07-14,1,1993,7,14
30,1993-07-15,1,1993,7,15
31,1993-07-19,1,1993,7,19
32,1993-07-27,1,1993,7,27
33,1993-07-29,2,1993,7,29
34,1993-08-19,1,1993,8,19
35,1993-08-20,1,1993,8,20
36,1993-08-21,1,1993,8,21
37,1993-08-24,2,1993,8,24
38,1993-08-25,1,1993,8,25
39,1993-08-27,1,1993,8,27
40,1993-08-28,1,1993,8,28
41,1993-08-30,1,1993,8,30
42,1993-08-31,1,1993,8,31
43,1993-09-02,1,1993,9,2
44,1993-09-06,1,1993,9,6
45,1993-09-09,1,1993,9,9
46,1993-09-10,1,1993,9,10
47,1993-09-14,2,1993,9,14
48,1993-09-17,1,1993,9,17
49,1993-09-20,1,1993,9,20
50,1993-09-21,1,1993,9,21
51,1993-09-22,1,1993,9,22
52,1993-09-24,1,1993,9,24
53,1993-09-26,1,1993,9,26
54,1993-09-28,2,1993,9,28
55,1993-10-01,1,1993,10,1
56,1993-10-05,1,1993,10,5
57,1993-10-12,1,1993,10,12
58,1993-10-15,1,1993,10,15
59,1993-10-19,2,1993,10,19
60,1993-10-20,1,1993,10,20
61,1993-10-29,1,1993,10,29
62,1993-10-31,5,1993,10,31
63,1993-11-02,1,1993,11,2
64,1993-11-04,3,1993,11,4
65,1993-11-10,2,1993,11,10
66,1993-11-11,2,1993,11,11
67,1993-11-14,1,1993,11,14
68,1993-11-15,2,1993,11,15
69,1993-11-16,1,1993,11,16
70,1993-11-18,2,1993,11,18
71,1993-11-19,1,1993,11,19
72,1993-11-24,1,1993,11,24
73,1993-11-25,2,1993,11,25
74,1993-11-27,1,1993,11,27
75,1993-11-29,1,1993,11,29
76,1993-11-30,1,1993,11,30
77,1993-12-02,1,1993,12,2
78,1993-12-03,1,1993,12,3
79,1993-12-09,1,1993,12,9
80,1993-12-13,1,1993,12,13
81,1993-12-15,1,1993,12,15
82,1993-12-16,2,1993,12,16
83,1993-12-17,1,1993,12,17
84,1993-12-21,1,1993,12,21
85,1993-12-22,1,1993,12,22
86,1993-12-23,1,1993,12,23
87,1993-12-28,1,1993,12,28
88,1994-01-01,1,1994,1,1
89,1994-01-02,1,1994,1,2
90,1994-01-04,1,1994,1,4
91,1994-01-05,2,1994,1,5
92,1994-01-06,1,1994,1,6
93,1994-01-11,2,1994,1,11
94,1994-01-16,1,1994,1,16
95,1994-01-18,3,1994,1,18
96,1994-01-20,1,1994,1,20
97,1994-01-26,2,1994,1,26
98,1994-01-27,2,1994,1,27
99,1994-01-28,1,1994,1,28
100,1994-02-08,1,1994,2,8
101,1994-02-09,1,1994,2,9
102,1994-02-10,1,1994,2,10
103,1994-02-19,1,1994,2,19
104,1994-02-23,2,1994,2,23
105,1994-02-27,2,1994,2,27
106,1994-02-28,1,1994,2,28
107,1994-03-01,1,1994,3,1
108,1994-03-05,1,1994,3,5
109,1994-03-15,1,1994,3,15
110,1994-03-17,1,1994,3,17
111,1994-03-18,1,1994,3,18
112,1994-03-19,1,1994,3,19
113,1994-03-21,1,1994,3,21
114,1994-03-23,2,1994,3,23
115,1994-03-26,1,1994,3,26
116,1994-03-30,1,1994,3,30
117,1994-04-06,1,1994,4,6
118,1994-04-09,1,1994,4,9
119,1994-04-11,1,1994,4,11
120,1994-04-20,2,1994,4,20
121,1994-04-25,2,1994,4,25
122,1994-04-28,1,1994,4,28
123,1994-05-03,1,1994,5,3
124,1994-05-06,1,1994,5,6
125,1994-05-08,1,1994,5,8
126,1994-05-09,4,1994,5,9
127,1994-05-17,1,1994,5,17
128,1994-05-20,1,1994,5,20
129,1994-05-28,1,1994,5,28
130,1994-05-31,1,1994,5,31
131,1994-06-06,1,1994,6,6
132,1994-06-07,3,1994,6,7
133,1994-06-09,1,1994,6,9
134,1994-06-12,2,1994,6,12
135,1994-06-14,3,1994,6,14
136,1994-06-16,1,1994,6,16
137,1994-06-18,1,1994,6,18
138,1994-06-23,1,1994,6,23
139,1994-06-24,1,1994,6,24
140,1994-06-26,1,1994,6,26
141,1994-06-28,1,1994,6,28
142,1994-07-01,1,1994,7,1
143,1994-07-02,1,1994,7,2
144,1994-07-07,1,1994,7,7
145,1994-07-09,1,1994,7,9
146,1994-07-14,1,1994,7,14
147,1994-07-15,2,1994,7,15
148,1994-07-16,1,1994,7,16
149,1994-07-18,3,1994,7,18
150,1994-07-19,1,1994,7,19
151,1994-07-20,2,1994,7,20
152,1994-07-21,1,1994,7,21
153,1994-07-24,1,1994,7,24
154,1994-07-27,1,1994,7,27
155,1994-07-29,1,1994,7,29
156,1994-08-02,2,1994,8,2
157,1994-08-03,2,1994,8,3
158,1994-08-05,1,1994,8,5
159,1994-08-09,1,1994,8,9
160,1994-08-12,1,1994,8,12
161,1994-08-15,1,1994,8,15
162,1994-08-17,2,1994,8,17
163,1994-08-18,2,1994,8,18
164,1994-08-19,1,1994,8,19
165,1994-08-21,1,1994,8,21
166,1994-08-22,1,1994,8,22
167,1994-08-24,2,1994,8,24
168,1994-08-25,2,1994,8,25
169,1994-08-31,1,1994,8,31
170,1994-09-01,1,1994,9,1
171,1994-09-04,1,1994,9,4
172,1994-09-12,1,1994,9,12
173,1994-09-13,2,1994,9,13
174,1994-09-16,3,1994,9,16
175,1994-09-18,1,1994,9,18
176,1994-09-21,1,1994,9,21
177,1994-09-24,1,1994,9,24
178,1994-09-29,2,1994,9,29
179,1994-10-04,2,1994,10,4
180,1994-10-11,1,1994,10,11
181,1994-10-13,2,1994,10,13
182,1994-10-14,3,1994,10,14
183,1994-10-15,1,1994,10,15
184,1994-10-16,1,1994,10,16
185,1994-10-17,1,1994,10,17
186,1994-10-19,1,1994,10,19
187,1994-10-25,1,1994,10,25
188,1994-10-27,1,1994,10,27
189,1994-11-01,1,1994,11,1
190,1994-11-05,1,1994,11,5
191,1994-11-09,2,1994,11,9
192,1994-11-12,1,1994,11,12
193,1994-11-14,1,1994,11,14
194,1994-11-15,2,1994,11,15
195,1994-11-21,2,1994,11,21
196,1994-11-23,1,1994,11,23
197,1994-11-24,1,1994,11,24
198,1994-11-30,1,1994,11,30
199,1994-12-01,1,1994,12,1
200,1994-12-16,1,1994,12,16
201,1994-12-19,1,1994,12,19
202,1994-12-20,1,1994,12,20
203,1995-01-05,1,1995,1,5
204,1995-01-09,2,1995,1,9
205,1995-01-12,3,1995,1,12
206,1995-01-17,1,1995,1,17
207,1995-01-19,1,1995,1,19
208,1995-01-26,1,1995,1,26
209,1995-01-27,2,1995,1,27
210,1995-01-31,1,1995,1,31
211,1995-02-02,1,1995,2,2
212,1995-02-03,1,1995,2,3
213,1995-02-06,2,1995,2,6
214,1995-02-09,1,1995,2,9
215,1995-02-14,2,1995,2,14
216,1995-02-16,1,1995,2,16
217,1995-02-21,1,1995,2,21
218,1995-02-25,1,1995,2,25
219,1995-02-27,1,1995,2,27
220,1995-02-28,1,1995,2,28
221,1995-03-07,2,1995,3,7
222,1995-03-09,1,1995,3,9
223,1995-03-10,1,1995,3,10
224,1995-03-11,1,1995,3,11
225,1995-03-15,1,1995,3,15
226,1995-03-18,1,1995,3,18
227,1995-03-21,1,1995,3,21
228,1995-03-23,1,1995,3,23
229,1995-03-30,2,1995,3,30
230,1995-04-04,1,1995,4,4
231,1995-04-05,1,1995,4,5
232,1995-04-06,1,1995,4,6
233,1995-04-07,1,1995,4,7
234,1995-04-11,1,1995,4,11
235,1995-04-19,1,1995,4,19
236,1995-04-21,2,1995,4,21
237,1995-04-24,1,1995,4,24
238,1995-05-03,2,1995,5,3
239,1995-05-08,2,1995,5,8
240,1995-05-10,1,1995,5,10
241,1995-05-13,1,1995,5,13
242,1995-05-17,2,1995,5,17
243,1995-05-18,1,1995,5,18
244,1995-05-21,1,1995,5,21
245,1995-05-22,1,1995,5,22
246,1995-05-23,1,1995,5,23
247,1995-05-26,1,1995,5,26
248,1995-05-29,1,1995,5,29
249,1995-06-05,1,1995,6,5
250,1995-06-07,1,1995,6,7
251,1995-06-12,1,1995,6,12
252,1995-06-15,1,1995,6,15
253,1995-06-17,1,1995,6,17
254,1995-06-20,1,1995,6,20
255,1995-06-27,1,1995,6,27
256,1995-06-29,1,1995,6,29
257,1995-07-05,2,1995,7,5
258,1995-07-14,1,1995,7,14
259,1995-07-17,1,1995,7,17
260,1995-07-18,1,1995,7,18
261,1995-07-20,1,1995,7,20
262,1995-07-26,1,1995,7,26
263,1995-07-27,1,1995,7,27
264,1995-07-28,1,1995,7,28
265,1995-08-02,1,1995,8,2
266,1995-08-03,1,1995,8,3
267,1995-08-07,1,1995,8,7
268,1995-08-08,1,1995,8,8
269,1995-08-14,1,1995,8,14
270,1995-08-15,2,1995,8,15
271,1995-08-18,1,1995,8,18
272,1995-08-28,1,1995,8,28
273,1995-08-30,2,1995,8,30
274,1995-08-31,1,1995,8,31
275,1995-09-01,3,1995,9,1
276,1995-09-05,1,1995,9,5
277,1995-09-06,1,1995,9,6
278,1995-09-13,2,1995,9,13
279,1995-09-14,3,1995,9,14
280,1995-09-15,2,1995,9,15
281,1995-09-20,1,1995,9,20
282,1995-09-21,1,1995,9,21
283,1995-09-22,1,1995,9,22
284,1995-09-23,1,1995,9,23
285,1995-09-27,1,1995,9,27
286,1995-09-28,7,1995,9,28
287,1995-09-29,1,1995,9,29
288,1995-10-04,1,1995,10,4
289,1995-10-06,1,1995,10,6
290,1995-10-11,3,1995,10,11
291,1995-10-12,1,1995,10,12
292,1995-10-18,1,1995,10,18
293,1995-10-19,3,1995,10,19
294,1995-10-23,1,1995,10,23
295,1995-10-24,2,1995,10,24
296,1995-10-28,1,1995,10,28
297,1995-10-31,2,1995,10,31
298,1995-11-01,2,1995,11,1
299,1995-11-02,1,1995,11,2
300,1995-11-05,1,1995,11,5
301,1995-11-07,1,1995,11,7
302,1995-11-09,1,1995,11,9
303,1995-11-20,2,1995,11,20
304,1995-11-23,1,1995,11,23
305,1995-11-25,1,1995,11,25
306,1995-11-30,1,1995,11,30
307,1995-12-07,1,1995,12,7
308,1995-12-09,1,1995,12,9
309,1996-10-27,1,1996,10,27
310,1997-12-23,1,1997,12,23
311,1999-05-26,1,1999,5,26
312,1999-06-08,1,1999,6,8
313,1999-06-13,1,1999,6,13
314,1999-06-17,1,1999,6,17
315,1999-06-21,1,1999,6,21
316,1999-06-24,1,1999,6,24
317,1999-06-29,1,1999,6,29
318,1999-07-07,2,1999,7,7
319,1999-07-08,1,1999,7,8
320,1999-07-12,3,1999,7,12
321,1999-07-14,1,1999,7,14
322,1999-07-19,1,1999,7,19
323,1999-07-21,1,1999,7,21
324,1999-07-28,1,1999,7,28
325,1999-08-06,3,1999,8,6
326,1999-08-08,1,1999,8,8
327,1999-08-17,1,1999,8,17
328,1999-08-18,1,1999,8,18
329,1999-08-19,2,1999,8,19
330,1999-08-26,1,1999,8,26
331,1999-09-03,1,1999,9,3
332,1999-09-08,1,1999,9,8
333,1999-09-09,1,1999,9,9
334,1999-09-13,1,1999,9,13
335,1999-09-18,1,1999,9,18
336,1999-09-27,2,1999,9,27
337,1999-10-08,1,1999,10,8
338,1999-10-12,1,1999,10,12
339,1999-10-13,1,1999,10,13
340,1999-10-15,1,1999,10,15
341,1999-10-17,1,1999,10,17
342,1999-10-19,1,1999,10,19
343,1999-10-20,2,1999,10,20
344,1999-10-21,1,1999,10,21
345,1999-10-22,1,1999,10,22
346,1999-10-25,1,1999,10,25
347,1999-10-26,1,1999,10,26
348,1999-10-28,3,1999,10,28
349,1999-10-30,1,1999,10,30
350,1999-10-31,1,1999,10,31
351,1999-11-01,1,1999,11,1
352,1999-11-08,2,1999,11,8
353,1999-11-10,1,1999,11,10
354,1999-11-19,1,1999,11,19
355,1999-11-26,1,1999,11,26
356,1999-11-30,1,1999,11,30
357,1999-12-07,2,1999,12,7
358,1999-12-09,1,1999,12,9
359,1999-12-21,1,1999,12,21
360,2000-01-04,1,2000,1,4
361,2000-01-05,1,2000,1,5
362,2000-01-17,1,2000,1,17
363,2000-01-28,1,2000,1,28
364,2000-01-30,1,2000,1,30
365,2000-02-01,1,2000,2,1
366,2000-02-04,1,2000,2,4
367,2000-02-05,1,2000,2,5
368,2000-02-06,1,2000,2,6
369,2000-02-08,1,2000,2,8
370,2000-02-13,1,2000,2,13
371,2000-02-14,3,2000,2,14
372,2000-02-15,1,2000,2,15
373,2000-02-16,2,2000,2,16
374,2000-02-19,1,2000,2,19
375,2000-02-25,1,2000,2,25
376,2000-03-03,1,2000,3,3
377,2000-03-21,2,2000,3,21
378,2000-03-24,1,2000,3,24
379,2000-03-30,1,2000,3,30
380,2000-04-03,1,2000,4,3
381,2000-04-06,1,2000,4,6
382,2000-04-11,1,2000,4,11
383,2000-04-16,1,2000,4,16
384,2000-04-17,1,2000,4,17
385,2000-04-19,1,2000,4,19
386,2000-04-29,1,2000,4,29
387,2000-05-02,1,2000,5,2
388,2000-05-05,1,2000,5,5
389,2000-05-16,1,2000,5,16
390,2000-05-20,1,2000,5,20
391,2000-05-24,1,2000,5,24
392,2000-05-25,1,2000,5,25
393,2000-05-26,1,2000,5,26
394,2000-06-03,1,2000,6,3
395,2000-06-09,1,2000,6,9
396,2000-06-10,1,2000,6,10
397,2000-06-12,2,2000,6,12
398,2000-06-13,1,2000,6,13
399,2000-06-14,1,2000,6,14
400,2000-06-20,1,2000,6,20
401,2000-06-21,1,2000,6,21
402,2000-06-23,1,2000,6,23
403,2000-06-25,1,2000,6,25
404,2000-06-29,1,2000,6,29
405,2000-06-30,1,2000,6,30
406,2000-07-11,1,2000,7,11
407,2000-07-13,1,2000,7,13
408,2000-07-19,1,2000,7,19
409,2000-07-20,1,2000,7,20
410,2000-07-21,1,2000,7,21
411,2000-08-02,1,2000,8,2
412,2000-08-03,1,2000,8,3
413,2000-08-05,1,2000,8,5
414,2000-08-08,2,2000,8,8
415,2000-08-10,1,2000,8,10
416,2000-08-16,2,2000,8,16
417,2000-08-22,1,2000,8,22
418,2000-08-27,1,2000,8,27
419,2000-08-30,1,2000,8,30
420,2000-09-05,1,2000,9,5
421,2000-09-13,2,2000,9,13
422,2000-09-21,1,2000,9,21
423,2000-09-24,1,2000,9,24
424,2000-09-27,1,2000,9,27
425,2000-10-02,1,2000,10,2
426,2000-10-03,1,2000,10,3
427,2000-10-09,1,2000,10,9
428,2000-10-19,2,2000,10,19
429,2000-10-24,1,2000,10,24
430,2000-10-31,1,2000,10,31
431,2000-11-04,2,2000,11,4
432,2000-11-06,1,2000,11,6
433,2000-11-10,1,2000,11,10
434,2000-11-12,1,2000,11,12
435,2000-11-13,1,2000,11,13
436,2000-11-14,1,2000,11,14
437,2000-11-20,1,2000,11,20
438,2000-11-21,1,2000,11,21
439,2000-11-28,1,2000,11,28
440,2000-12-05,1,2000,12,5
441,2000-12-18,1,2000,12,18
442,2001-01-04,1,2001,1,4
443,2001-01-23,1,2001,1,23
444,2001-01-26,2,2001,1,26
445,2001-01-27,1,2001,1,27
446,2001-02-02,1,2001,2,2
447,2001-02-05,1,2001,2,5
448,2001-02-11,1,2001,2,11
449,2001-02-27,1,2001,2,27
450,2001-03-01,1,2001,3,1
451,2001-03-17,1,2001,3,17
452,2001-03-19,1,2001,3,19
453,2001-03-22,1,2001,3,22
454,2001-03-23,1,2001,3,23
455,2001-03-26,1,2001,3,26
456,2001-03-28,1,2001,3,28
457,2001-03-29,2,2001,3,29
458,2001-03-30,2,2001,3,30
459,2001-04-07,1,2001,4,7
460,2001-04-11,1,2001,4,11
461,2001-04-17,1,2001,4,17
462,2001-04-23,1,2001,4,23
463,2001-04-26,1,2001,4,26
464,2001-04-27,2,2001,4,27
465,2001-04-30,1,2001,4,30
466,2001-05-01,1,2001,5,1
467,2001-05-07,2,2001,5,7
468,2001-05-14,1,2001,5,14
469,2001-05-21,1,2001,5,21
470,2001-05-23,1,2001,5,23
471,2001-05-25,1,2001,5,25
472,2001-06-05,1,2001,6,5
473,2001-06-06,1,2001,6,6
474,2001-06-07,1,2001,6,7
475,2001-06-08,1,2001,6,8
476,2001-06-11,1,2001,6,11
477,2001-06-12,1,2001,6,12
478,2001-06-14,2,2001,6,14
479,2001-06-18,1,2001,6,18
480,2001-06-19,1,2001,6,19
481,2001-06-23,1,2001,6,23
482,2001-06-26,1,2001,6,26
483,2001-06-30,1,2001,6,30
484,2001-07-06,2,2001,7,6
485,2001-07-10,1,2001,7,10
486,2001-07-18,2,2001,7,18
487,2001-07-19,1,2001,7,19
488,2001-07-20,2,2001,7,20
489,2001-07-22,1,2001,7,22
490,2001-07-23,1,2001,7,23
491,2001-07-27,1,2001,7,27
492,2001-08-01,1,2001,8,1
493,2001-08-15,1,2001,8,15
494,2001-08-17,1,2001,8,17
495,2001-08-23,1,2001,8,23
496,2001-08-27,1,2001,8,27
497,2001-08-31,1,2001,8,31
498,2001-09-05,1,2001,9,5
499,2001-09-17,3,2001,9,17
500,2001-09-22,1,2001,9,22
501,2001-09-25,1,2001,9,25
502,2001-10-03,2,2001,10,3
503,2001-10-16,4,2001,10,16
504,2001-10-17,1,2001,10,17
505,2001-10-19,1,2001,10,19
506,2001-10-22,1,2001,10,22
507,2001-10-27,1,2001,10,27
508,2001-11-03,1,2001,11,3
509,2001-11-11,2,2001,11,11
510,2001-11-18,1,2001,11,18
511,2001-11-20,1,2001,11,20
512,2001-12-01,2,2001,12,1
513,2001-12-21,1,2001,12,21
514,2001-12-23,1,2001,12,23
515,2002-01-03,1,2002,1,3
516,2002-01-08,1,2002,1,8
517,2002-01-09,1,2002,1,9
518,2002-01-10,1,2002,1,10
519,2002-01-12,1,2002,1,12
520,2002-01-17,1,2002,1,17
521,2002-01-18,1,2002,1,18
522,2002-01-22,1,2002,1,22
523,2002-01-23,1,2002,1,23
524,2002-01-25,1,2002,1,25
525,2002-01-26,1,2002,1,26
526,2002-01-27,1,2002,1,27
527,2002-01-30,1,2002,1,30
528,2002-02-06,1,2002,2,6
529,2002-02-08,1,2002,2,8
530,2002-02-15,1,2002,2,15
531,2002-03-05,2,2002,3,5
532,2002-03-12,1,2002,3,12
533,2002-03-13,1,2002,3,13
534,2002-03-14,1,2002,3,14
535,2002-03-19,2,2002,3,19
536,2002-03-26,1,2002,3,26
537,2002-04-02,1,2002,4,2
538,2002-04-03,5,2002,4,3
539,2002-04-12,1,2002,4,12
540,2002-04-19,1,2002,4,19
541,2002-05-01,1,2002,5,1
542,2002-05-13,1,2002,5,13
543,2002-05-16,1,2002,5,16
544,2002-05-17,1,2002,5,17
545,2002-05-20,2,2002,5,20
546,2002-05-30,1,2002,5,30
547,2002-05-31,1,2002,5,31
548,2002-06-06,1,2002,6,6
549,2002-06-08,2,2002,6,8
550,2002-06-10,2,2002,6,10
551,2002-06-14,1,2002,6,14
552,2002-06-18,1,2002,6,18
553,2002-06-19,1,2002,6,19
554,2002-06-28,1,2002,6,28
555,2002-07-10,1,2002,7,10
556,2002-07-25,1,2002,7,25
557,2002-07-26,1,2002,7,26
558,2002-08-06,1,2002,8,6
559,2002-08-23,2,2002,8,23
560,2002-08-30,1,2002,8,30
561,2002-08-31,1,2002,8,31
562,2002-09-09,1,2002,9,9
563,2002-09-17,1,2002,9,17
564,2002-09-25,1,2002,9,25
565,2002-10-03,1,2002,10,3
566,2002-10-04,1,2002,10,4
567,2002-10-07,1,2002,10,7
568,2002-10-15,1,2002,10,15
569,2002-10-28,2,2002,10,28
570,2002-11-04,1,2002,11,4
571,2002-11-13,1,2002,11,13
572,2002-11-19,1,2002,11,19
573,2002-11-20,1,2002,11,20
574,2002-11-22,1,2002,11,22
575,2002-11-25,2,2002,11,25
576,2002-11-26,1,2002,11,26
577,2002-11-30,1,2002,11,30
578,2002-12-03,1,2002,12,3
579,2002-12-04,1,2002,12,4
580,2002-12-10,1,2002,12,10
581,2002-12-12,1,2002,12,12
582,2002-12-13,1,2002,12,13
583,2003-01-29,1,2003,1,29
584,2003-02-06,1,2003,2,6
585,2003-02-08,1,2003,2,8
586,2003-02-09,1,2003,2,9
587,2003-02-13,2,2003,2,13
588,2003-02-27,1,2003,2,27
589,2003-03-04,2,2003,3,4
590,2003-03-11,1,2003,3,11
591,2003-03-12,2,2003,3,12
592,2003-03-14,2,2003,3,14
593,2003-03-17,3,2003,3,17
594,2003-03-19,1,2003,3,19
595,2003-03-27,1,2003,3,27
596,2003-03-29,1,2003,3,29
597,2003-03-31,1,2003,3,31
598,2003-04-02,2,2003,4,2
599,2003-04-03,1,2003,4,3
600,2003-04-04,1,2003,4,4
601,2003-04-05,1,2003,4,5
602,2003-04-08,1,2003,4,8
603,2003-04-11,1,2003,4,11
604,2003-04-14,2,2003,4,14
605,2003-05-15,1,2003,5,15
606,2003-05-22,1,2003,5,22
607,2003-06-04,1,2003,6,4
608,2003-06-18,1,2003,6,18
609,2003-06-20,1,2003,6,20
610,2003-06-23,1,2003,6,23
611,2003-06-24,1,2003,6,24
612,2003-06-26,1,2003,6,26
613,2003-06-28,2,2003,6,28
614,2003-06-29,1,2003,6,29
615,2003-06-30,4,2003,6,30
616,2003-07-02,2,2003,7,2
617,2003-07-03,3,2003,7,3
618,2003-07-04,3,2003,7,4
619,2003-07-05,1,2003,7,5
620,2003-07-06,4,2003,7,6
621,2003-07-07,1,2003,7,7
622,2003-07-08,2,2003,7,8
623,2003-07-17,1,2003,7,17
624,2003-07-18,1,2003,7,18
625,2003-07-20,1,2003,7,20
626,2003-07-24,1,2003,7,24
627,2003-07-30,1,2003,7,30
628,2003-08-06,1,2003,8,6
629,2003-08-27,1,2003,8,27
630,2003-08-28,1,2003,8,28
631,2003-08-29,2,2003,8,29
632,2003-09-04,1,2003,9,4
633,2003-09-10,1,2003,9,10
634,2003-09-15,1,2003,9,15
635,2003-09-17,1,2003,9,17
636,2003-09-18,1,2003,9,18
637,2003-09-24,1,2003,9,24
638,2003-09-29,1,2003,9,29
639,2003-09-30,1,2003,9,30
640,2003-10-01,1,2003,10,1
641,2003-10-06,2,2003,10,6
642,2003-10-08,1,2003,10,8
643,2003-10-10,2,2003,10,10
644,2003-10-16,3,2003,10,16
645,2003-10-23,1,2003,10,23
646,2003-11-03,2,2003,11,3
647,2003-11-05,1,2003,11,5
648,2003-11-06,1,2003,11,6
649,2003-11-10,2,2003,11,10
650,2003-11-11,1,2003,11,11
651,2003-11-12,3,2003,11,12
652,2003-11-15,1,2003,11,15
653,2003-11-17,1,2003,11,17
654,2003-11-25,1,2003,11,25
655,2003-12-03,2,2003,12,3
656,2003-12-05,1,2003,12,5
657,2003-12-26,1,2003,12,26
658,2003-12-29,1,2003,12,29
659,2004-01-02,1,2004,1,2
660,2004-01-05,1,2004,1,5
661,2004-01-08,1,2004,1,8
662,2004-01-09,1,2004,1,9
663,2004-01-12,1,2004,1,12
664,2004-01-16,1,2004,1,16
665,2004-01-20,1,2004,1,20
666,2004-01-21,1,2004,1,21
667,2004-01-30,3,2004,1,30
668,2004-02-04,2,2004,2,4
669,2004-02-05,1,2004,2,5
670,2004-02-13,1,2004,2,13
671,2004-02-18,1,2004,2,18
672,2004-02-20,1,2004,2,20
673,2004-03-02,1,2004,3,2
674,2004-03-07,1,2004,3,7
675,2004-03-08,1,2004,3,8
676,2004-03-16,1,2004,3,16
677,2004-03-22,1,2004,3,22
678,2004-03-23,1,2004,3,23
679,2004-03-25,1,2004,3,25
680,2004-04-13,1,2004,4,13
681,2004-04-22,1,2004,4,22
682,2004-05-05,1,2004,5,5
683,2004-05-13,1,2004,5,13
684,2004-05-15,1,2004,5,15
685,2004-05-16,1,2004,5,16
686,2004-05-23,1,2004,5,23
687,2004-05-26,1,2004,5,26
688,2004-06-01,1,2004,6,1
689,2004-06-02,1,2004,6,2
690,2004-06-04,2,2004,6,4
691,2004-06-10,1,2004,6,10
692,2004-06-11,3,2004,6,11
693,2004-06-18,1,2004,6,18
694,2004-06-21,1,2004,6,21
695,2004-06-23,1,2004,6,23
696,2004-06-24,1,2004,6,24
697,2004-06-27,2,2004,6,27
698,2004-06-28,1,2004,6,28
699,2004-06-29,1,2004,6,29
700,2004-06-30,1,2004,6,30
701,2004-07-06,1,2004,7,6
702,2004-07-14,1,2004,7,14
703,2004-07-27,1,2004,7,27
704,2004-07-30,1,2004,7,30
705,2004-07-31,1,2004,7,31
706,2004-08-01,1,2004,8,1
707,2004-08-03,1,2004,8,3
708,2004-08-09,1,2004,8,9
709,2004-08-10,1,2004,8,10
710,2004-08-14,1,2004,8,14
711,2004-08-25,1,2004,8,25
712,2004-09-02,1,2004,9,2
713,2004-09-07,1,2004,9,7
714,2004-09-09,2,2004,9,9
715,2004-09-10,2,2004,9,10
716,2004-09-13,1,2004,9,13
717,2004-09-15,4,2004,9,15
718,2004-09-18,1,2004,9,18
719,2004-09-21,1,2004,9,21
720,2004-09-23,1,2004,9,23
721,2004-09-25,1,2004,9,25
722,2004-09-27,1,2004,9,27
723,2004-10-03,1,2004,10,3
724,2004-10-04,2,2004,10,4
725,2004-10-06,1,2004,10,6
726,2004-10-08,2,2004,10,8
727,2004-10-09,6,2004,10,9
728,2004-10-10,1,2004,10,10
729,2004-10-12,1,2004,10,12
730,2004-10-13,3,2004,10,13
731,2004-10-14,2,2004,10,14
732,2004-10-17,1,2004,10,17
733,2004-10-21,2,2004,10,21
734,2004-10-22,2,2004,10,22
735,2004-10-25,1,2004,10,25
736,2004-10-26,1,2004,10,26
737,2004-10-27,3,2004,10,27
738,2004-10-28,2,2004,10,28
739,2004-11-11,1,2004,11,11
740,2004-11-15,1,2004,11,15
741,2004-11-17,1,2004,11,17
742,2004-11-22,1,2004,11,22
743,2004-11-25,2,2004,11,25
744,2004-11-30,1,2004,11,30
745,2004-12-02,1,2004,12,2
746,2004-12-07,3,2004,12,7
747,2004-12-09,1,2004,12,9
748,2004-12-11,2,2004,12,11
749,2004-12-23,1,2004,12,23
750,2005-01-04,1,2005,1,4
751,2005-01-05,3,2005,1,5
752,2005-01-06,4,2005,1,6
753,2005-01-17,1,2005,1,17
754,2005-01-20,1,2005,1,20
755,2005-01-26,2,2005,1,26
756,2005-01-29,1,2005,1,29
757,2005-01-31,1,2005,1,31
758,2005-02-03,1,2005,2,3
759,2005-02-11,1,2005,2,11
760,2005-02-12,1,2005,2,12
761,2005-02-14,1,2005,2,14
762,2005-02-20,1,2005,2,20
763,2005-02-24,1,2005,2,24
764,2005-03-02,2,2005,3,2
765,2005-03-10,1,2005,3,10
766,2005-03-16,1,2005,3,16
767,2005-03-18,1,2005,3,18
768,2005-03-30,1,2005,3,30
769,2005-04-01,1,2005,4,1
770,2005-05-02,1,2005,5,2
771,2005-05-03,1,2005,5,3
772,2005-05-10,1,2005,5,10
773,2005-05-19,1,2005,5,19
774,2005-05-20,3,2005,5,20
775,2005-05-24,1,2005,5,24
776,2005-06-05,1,2005,6,5
777,2005-06-11,1,2005,6,11
778,2005-06-13,1,2005,6,13
779,2005-06-14,2,2005,6,14
780,2005-06-21,1,2005,6,21
781,2005-06-23,2,2005,6,23
782,2005-06-24,1,2005,6,24
783,2005-06-27,2,2005,6,27
784,2005-07-01,1,2005,7,1
785,2005-07-06,1,2005,7,6
786,2005-07-07,2,2005,7,7
787,2005-07-12,1,2005,7,12
788,2005-07-24,1,2005,7,24
789,2005-07-31,1,2005,7,31
790,2005-08-01,1,2005,8,1
791,2005-08-02,1,2005,8,2
792,2005-08-10,1,2005,8,10
793,2005-08-13,1,2005,8,13
794,2005-08-17,1,2005,8,17
795,2005-08-22,1,2005,8,22
796,2005-08-26,1,2005,8,26
797,2005-08-31,1,2005,8,31
798,2005-09-09,1,2005,9,9
799,2005-09-23,1,2005,9,23
800,2005-09-28,1,2005,9,28
801,2005-10-18,1,2005,10,18
802,2005-10-20,1,2005,10,20
803,2005-10-21,1,2005,10,21
804,2005-11-09,2,2005,11,9
805,2005-11-13,1,2005,11,13
806,2005-11-14,1,2005,11,14
807,2005-11-17,1,2005,11,17
808,2005-11-18,1,2005,11,18
809,2005-12-12,1,2005,12,12
810,2005-12-13,1,2005,12,13
811,2005-12-20,2,2005,12,20
812,2006-01-03,1,2006,1,3
813,2006-01-05,1,2006,1,5
814,2006-01-10,1,2006,1,10
815,2006-01-11,1,2006,1,11
816,2006-01-15,1,2006,1,15
817,2006-01-23,1,2006,1,23
818,2006-01-24,1,2006,1,24
819,2006-01-25,2,2006,1,25
820,2006-02-06,1,2006,2,6
821,2006-02-07,1,2006,2,7
822,2006-02-09,2,2006,2,9
823,2006-02-16,1,2006,2,16
824,2006-02-17,1,2006,2,17
825,2006-02-18,1,2006,2,18
826,2006-02-28,1,2006,2,28
827,2006-03-07,1,2006,3,7
828,2006-03-11,1,2006,3,11
829,2006-03-15,1,2006,3,15
830,2006-03-16,1,2006,3,16
831,2006-03-20,1,2006,3,20
832,2006-03-22,2,2006,3,22
833,2006-03-24,2,2006,3,24
834,2006-03-27,2,2006,3,27
835,2006-03-30,1,2006,3,30
836,2006-03-31,3,2006,3,31
837,2006-04-05,1,2006,4,5
838,2006-04-07,2,2006,4,7
839,2006-04-12,1,2006,4,12
840,2006-04-18,1,2006,4,18
841,2006-04-26,1,2006,4,26
842,2006-05-01,1,2006,5,1
843,2006-05-03,1,2006,5,3
844,2006-05-05,2,2006,5,5
845,2006-05-06,1,2006,5,6
846,2006-05-09,1,2006,5,9
847,2006-05-15,1,2006,5,15
848,2006-05-19,1,2006,5,19
849,2006-05-20,1,2006,5,20
850,2006-05-21,2,2006,5,21
851,2006-05-24,1,2006,5,24
852,2006-05-29,2,2006,5,29
853,2006-05-31,1,2006,5,31
854,2006-06-04,1,2006,6,4
855,2006-06-05,3,2006,6,5
856,2006-06-06,1,2006,6,6
857,2006-06-07,2,2006,6,7
858,2006-06-11,1,2006,6,11
859,2006-06-15,1,2006,6,15
860,2006-06-16,1,2006,6,16
861,2006-06-18,1,2006,6,18
862,2006-06-19,2,2006,6,19
863,2006-06-20,1,2006,6,20
864,2006-06-21,2,2006,6,21
865,2006-06-22,2,2006,6,22
866,2006-06-24,1,2006,6,24
867,2006-06-26,1,2006,6,26
868,2006-06-27,1,2006,6,27
869,2006-06-29,1,2006,6,29
870,2006-07-11,1,2006,7,11
871,2006-07-13,1,2006,7,13
872,2006-07-19,1,2006,7,19
873,2006-07-22,1,2006,7,22
874,2006-08-06,1,2006,8,6
875,2006-08-17,2,2006,8,17
876,2006-08-21,1,2006,8,21
877,2006-08-23,1,2006,8,23
878,2006-08-24,1,2006,8,24
879,2006-08-25,1,2006,8,25
880,2006-09-02,2,2006,9,2
881,2006-09-03,1,2006,9,3
882,2006-09-05,2,2006,9,5
883,2006-09-06,2,2006,9,6
884,2006-09-08,1,2006,9,8
885,2006-09-09,1,2006,9,9
886,2006-09-12,2,2006,9,12
887,2006-09-16,1,2006,9,16
888,2006-09-18,1,2006,9,18
889,2006-09-19,1,2006,9,19
890,2006-09-20,1,2006,9,20
891,2006-09-24,2,2006,9,24
892,2006-09-29,1,2006,9,29
893,2006-10-10,1,2006,10,10
894,2006-10-11,1,2006,10,11
895,2006-10-15,2,2006,10,15
896,2006-10-19,3,2006,10,19
897,2006-10-21,1,2006,10,21
898,2006-10-27,2,2006,10,27
899,2006-10-28,1,2006,10,28
900,2006-10-31,1,2006,10,31
901,2006-11-01,2,2006,11,1
902,2006-11-02,1,2006,11,2
903,2006-11-06,2,2006,11,6
904,2006-11-08,2,2006,11,8
905,2006-11-17,1,2006,11,17
906,2006-11-18,1,2006,11,18
907,2006-11-20,3,2006,11,20
908,2006-11-21,1,2006,11,21
909,2006-11-22,1,2006,11,22
910,2006-11-26,1,2006,11,26
911,2006-11-27,1,2006,11,27
912,2006-11-29,1,2006,11,29
913,2006-12-04,1,2006,12,4
914,2006-12-05,2,2006,12,5
915,2006-12-06,1,2006,12,6
916,2006-12-08,1,2006,12,8
917,2006-12-11,2,2006,12,11
918,2006-12-12,1,2006,12,12
919,2006-12-20,1,2006,12,20
920,2007-01-04,1,2007,1,4
921,2007-01-09,1,2007,1,9
922,2007-01-10,2,2007,1,10
923,2007-01-23,1,2007,1,23
924,2007-01-29,1,2007,1,29
925,2007-02-05,1,2007,2,5
926,2007-02-08,2,2007,2,8
927,2007-02-13,2,2007,2,13
928,2007-02-14,1,2007,2,14
929,2007-02-16,1,2007,2,16
930,2007-02-17,1,2007,2,17
931,2007-02-18,1,2007,2,18
932,2007-03-02,1,2007,3,2
933,2007-03-13,1,2007,3,13
934,2007-03-17,2,2007,3,17
935,2007-03-19,1,2007,3,19
936,2007-03-20,1,2007,3,20
937,2007-03-21,1,2007,3,21
938,2007-03-22,1,2007,3,22
939,2007-03-26,1,2007,3,26
940,2007-03-27,1,2007,3,27
941,2007-03-30,1,2007,3,30
942,2007-04-07,1,2007,4,7
943,2007-04-08,1,2007,4,8
944,2007-04-19,1,2007,4,19
945,2007-04-20,1,2007,4,20
946,2007-04-23,1,2007,4,23
947,2007-04-24,1,2007,4,24
948,2007-04-26,3,2007,4,26
949,2007-04-27,1,2007,4,27
950,2007-05-01,1,2007,5,1
951,2007-05-03,2,2007,5,3
952,2007-05-12,1,2007,5,12
953,2007-05-13,1,2007,5,13
954,2007-05-14,2,2007,5,14
955,2007-05-15,1,2007,5,15
956,2007-05-17,1,2007,5,17
957,2007-05-24,1,2007,5,24
958,2007-05-29,1,2007,5,29
959,2007-06-02,1,2007,6,2
960,2007-06-04,5,2007,6,4
961,2007-06-05,2,2007,6,5
962,2007-06-06,1,2007,6,6
963,2007-06-07,1,2007,6,7
964,2007-06-09,1,2007,6,9
965,2007-06-10,1,2007,6,10
966,2007-06-21,1,2007,6,21
967,2007-06-22,1,2007,6,22
968,2007-06-28,2,2007,6,28
969,2007-06-29,1,2007,6,29
970,2007-07-02,1,2007,7,2
971,2007-07-03,1,2007,7,3
972,2007-07-05,3,2007,7,5
973,2007-07-06,1,2007,7,6
974,2007-07-08,1,2007,7,8
975,2007-07-12,1,2007,7,12
976,2007-07-16,1,2007,7,16
977,2007-07-19,2,2007,7,19
978,2007-07-21,1,2007,7,21
979,2007-07-29,2,2007,7,29
980,2007-08-01,1,2007,8,1
981,2007-08-05,1,2007,8,5
982,2007-08-12,1,2007,8,12
983,2007-08-14,1,2007,8,14
984,2007-08-15,2,2007,8,15
985,2007-08-20,2,2007,8,20
986,2007-08-21,3,2007,8,21
987,2007-08-22,2,2007,8,22
988,2007-08-23,1,2007,8,23
989,2007-08-25,1,2007,8,25
990,2007-08-29,1,2007,8,29
991,2007-08-30,1,2007,8,30
992,2007-08-31,1,2007,8,31
993,2007-09-01,1,2007,9,1
994,2007-09-04,1,2007,9,4
995,2007-09-10,2,2007,9,10
996,2007-09-11,2,2007,9,11
997,2007-09-13,1,2007,9,13
998,2007-09-15,1,2007,9,15
999,2007-09-25,1,2007,9,25
1000,2007-09-29,1,2007,9,29
1001,2007-09-30,1,2007,9,30
1002,2007-10-02,1,2007,10,2
1003,2007-10-04,1,2007,10,4
1004,2007-10-11,1,2007,10,11
1005,2007-10-23,1,2007,10,23
1006,2007-10-30,2,2007,10,30
1007,2007-11-06,2,2007,11,6
1008,2007-11-07,2,2007,11,7
1009,2007-11-09,6,2007,11,9
1010,2007-11-12,1,2007,11,12
1011,2007-11-13,2,2007,11,13
1012,2007-11-21,1,2007,11,21
1013,2007-11-25,1,2007,11,25
1014,2007-12-02,1,2007,12,2
1015,2007-12-04,1,2007,12,4
1016,2007-12-06,1,2007,12,6
1017,2007-12-07,3,2007,12,7
1018,2007-12-10,2,2007,12,10
1019,2007-12-11,2,2007,12,11
1020,2007-12-12,1,2007,12,12
1021,2007-12-17,2,2007,12,17
1022,2007-12-19,1,2007,12,19
1023,2007-12-21,1,2007,12,21
1024,2007-12-26,2,2007,12,26
1025,2008-01-02,1,2008,1,2
1026,2008-01-05,1,2008,1,5
1027,2008-01-06,1,2008,1,6
1028,2008-01-08,2,2008,1,8
1029,2008-01-14,1,2008,1,14
1030,2008-01-15,2,2008,1,15
1031,2008-01-16,4,2008,1,16
1032,2008-01-17,2,2008,1,17
1033,2008-01-22,1,2008,1,22
1034,2008-01-25,1,2008,1,25
1035,2008-02-01,1,2008,2,1
1036,2008-02-05,1,2008,2,5
1037,2008-02-07,2,2008,2,7
1038,2008-02-11,4,2008,2,11
1039,2008-02-12,1,2008,2,12
1040,2008-02-13,3,2008,2,13
1041,2008-02-14,1,2008,2,14
1042,2008-02-19,1,2008,2,19
1043,2008-02-20,1,2008,2,20
1044,2008-02-21,1,2008,2,21
1045,2008-02-22,1,2008,2,22
1046,2008-03-04,2,2008,3,4
1047,2008-03-05,2,2008,3,5
1048,2008-03-06,1,2008,3,6
1049,2008-03-07,1,2008,3,7
1050,2008-03-10,1,2008,3,10
1051,2008-03-11,2,2008,3,11
1052,2008-03-12,2,2008,3,12
1053,2008-03-15,2,2008,3,15
1054,2008-03-16,2,2008,3,16
1055,2008-03-17,1,2008,3,17
1056,2008-03-19,1,2008,3,19
1057,2008-03-21,1,2008,3,21
1058,2008-03-27,1,2008,3,27
1059,2008-04-01,1,2008,4,1
1060,2008-04-02,1,2008,4,2
1061,2008-04-09,1,2008,4,9
1062,2008-04-23,1,2008,4,23
1063,2008-04-24,1,2008,4,24
1064,2008-05-04,2,2008,5,4
1065,2008-05-05,2,2008,5,5
1066,2008-05-13,1,2008,5,13
1067,2008-05-15,1,2008,5,15
1068,2008-05-17,1,2008,5,17
1069,2008-05-18,1,2008,5,18
1070,2008-05-21,1,2008,5,21
1071,2008-06-01,1,2008,6,1
1072,2008-06-02,2,2008,6,2
1073,2008-06-03,3,2008,6,3
1074,2008-06-11,1,2008,6,11
1075,2008-06-12,4,2008,6,12
1076,2008-06-13,1,2008,6,13
1077,2008-06-17,5,2008,6,17
1078,2008-06-23,1,2008,6,23
1079,2008-06-25,1,2008,6,25
1080,2008-06-26,1,2008,6,26
1081,2008-06-27,2,2008,6,27
1082,2008-07-01,4,2008,7,1
1083,2008-07-03,1,2008,7,3
1084,2008-07-11,2,2008,7,11
1085,2008-07-14,1,2008,7,14
1086,2008-07-15,1,2008,7,15
1087,2008-07-16,2,2008,7,16
1088,2008-07-17,2,2008,7,17
1089,2008-07-22,1,2008,7,22
1090,2008-07-23,1,2008,7,23
1091,2008-07-26,1,2008,7,26
1092,2008-08-04,1,2008,8,4
1093,2008-08-06,1,2008,8,6
1094,2008-08-13,1,2008,8,13
1095,2008-08-16,1,2008,8,16
1096,2008-08-18,1,2008,8,18
1097,2008-08-22,1,2008,8,22
1098,2008-09-01,1,2008,9,1
1099,2008-09-05,1,2008,9,5
1100,2008-09-25,1,2008,9,25
1101,2008-09-28,1,2008,9,28
1102,2008-09-30,1,2008,9,30
1103,2008-10-01,1,2008,10,1
1104,2008-10-02,1,2008,10,2
1105,2008-10-07,3,2008,10,7
1106,2008-10-14,1,2008,10,14
1107,2008-10-17,2,2008,10,17
1108,2008-10-19,1,2008,10,19
1109,2008-10-20,2,2008,10,20
1110,2008-10-21,2,2008,10,21
1111,2008-11-05,1,2008,11,5
1112,2008-11-06,1,2008,11,6
1113,2008-11-10,1,2008,11,10
1114,2008-11-17,1,2008,11,17
1115,2008-11-20,1,2008,11,20
1116,2008-11-21,3,2008,11,21
1117,2008-11-24,1,2008,11,24
1118,2008-11-25,1,2008,11,25
1119,2008-11-26,1,2008,11,26
1120,2008-11-27,1,2008,11,27
1121,2008-11-28,1,2008,11,28
1122,2008-12-02,2,2008,12,2
1123,2008-12-04,1,2008,12,4
1124,2008-12-05,1,2008,12,5
1125,2008-12-11,3,2008,12,11
1126,2008-12-12,2,2008,12,12
1127,2008-12-17,1,2008,12,17
1128,2008-12-19,1,2008,12,19
1129,2008-12-23,1,2008,12,23
1130,2009-01-04,1,2009,1,4
1131,2009-01-12,2,2009,1,12
1132,2009-01-16,1,2009,1,16
1133,2009-01-20,1,2009,1,20
1134,2009-01-21,2,2009,1,21
1135,2009-01-24,1,2009,1,24
1136,2009-01-28,3,2009,1,28
1137,2009-01-29,1,2009,1,29
1138,2009-01-30,3,2009,1,30
1139,2009-02-01,1,2009,2,1
1140,2009-02-02,1,2009,2,2
1141,2009-02-06,1,2009,2,6
1142,2009-02-09,5,2009,2,9
1143,2009-02-10,2,2009,2,10
1144,2009-02-11,4,2009,2,11
1145,2009-02-12,1,2009,2,12
1146,2009-02-13,3,2009,2,13
1147,2009-02-14,2,2009,2,14
1148,2009-02-15,1,2009,2,15
1149,2009-02-18,2,2009,2,18
1150,2009-02-20,1,2009,2,20
1151,2009-02-22,1,2009,2,22
1152,2009-02-23,1,2009,2,23
1153,2009-02-28,1,2009,2,28
1154,2009-03-01,1,2009,3,1
1155,2009-03-02,2,2009,3,2
1156,2009-03-03,1,2009,3,3
1157,2009-03-04,2,2009,3,4
1158,2009-03-05,2,2009,3,5
1159,2009-03-09,1,2009,3,9
1160,2009-03-10,1,2009,3,10
1161,2009-03-11,3,2009,3,11
1162,2009-03-12,1,2009,3,12
1163,2009-03-13,2,2009,3,13
1164,2009-03-14,1,2009,3,14
1165,2009-03-16,1,2009,3,16
1166,2009-03-18,1,2009,3,18
1167,2009-03-19,2,2009,3,19
1168,2009-03-20,2,2009,3,20
1169,2009-03-25,1,2009,3,25
1170,2009-03-26,5,2009,3,26
1171,2009-03-27,3,2009,3,27
1172,2009-03-30,1,2009,3,30
1173,2009-04-05,1,2009,4,5
1174,2009-04-06,3,2009,4,6
1175,2009-04-08,2,2009,4,8
1176,2009-04-13,1,2009,4,13
1177,2009-04-19,1,2009,4,19
1178,2009-04-21,2,2009,4,21
1179,2009-04-22,1,2009,4,22
1180,2009-04-27,2,2009,4,27
1181,2009-04-29,2,2009,4,29
1182,2009-05-06,1,2009,5,6
1183,2009-05-07,1,2009,5,7
1184,2009-05-08,1,2009,5,8
1185,2009-05-11,1,2009,5,11
1186,2009-05-12,2,2009,5,12
1187,2009-05-14,1,2009,5,14
1188,2009-05-15,1,2009,5,15
1189,2009-05-19,1,2009,5,19
1190,2009-05-24,1,2009,5,24
1191,2009-05-27,1,2009,5,27
1192,2009-05-28,1,2009,5,28
1193,2009-05-29,1,2009,5,29
1194,2009-05-30,1,2009,5,30
1195,2009-06-01,1,2009,6,1
1196,2009-06-02,1,2009,6,2
1197,2009-06-08,1,2009,6,8
1198,2009-06-15,1,2009,6,15
1199,2009-06-16,3,2009,6,16
1200,2009-06-17,2,2009,6,17
1201,2009-06-22,2,2009,6,22
1202,2009-06-23,3,2009,6,23
1203,2009-06-24,1,2009,6,24
1204,2009-06-25,1,2009,6,25
1205,2009-07-02,1,2009,7,2
1206,2009-07-04,1,2009,7,4
1207,2009-07-06,1,2009,7,6
1208,2009-07-07,1,2009,7,7
1209,2009-07-11,1,2009,7,11
1210,2009-07-13,1,2009,7,13
1211,2009-07-17,1,2009,7,17
1212,2009-07-18,1,2009,7,18
1213,2009-07-20,1,2009,7,20
1214,2009-07-21,2,2009,7,21
1215,2009-07-22,4,2009,7,22
1216,2009-07-23,1,2009,7,23
1217,2009-07-26,3,2009,7,26
1218,2009-07-29,1,2009,7,29
1219,2009-07-31,1,2009,7,31
1220,2009-08-06,2,2009,8,6
1221,2009-08-09,1,2009,8,9
1222,2009-08-11,1,2009,8,11
1223,2009-08-12,1,2009,8,12
1224,2009-08-15,1,2009,8,15
1225,2009-08-17,3,2009,8,17
1226,2009-08-19,1,2009,8,19
1227,2009-08-21,2,2009,8,21
1228,2009-08-25,1,2009,8,25
1229,2009-08-26,2,2009,8,26
1230,2009-08-31,1,2009,8,31
1231,2009-09-01,1,2009,9,1
1232,2009-09-04,2,2009,9,4
1233,2009-09-09,2,2009,9,9
1234,2009-09-10,1,2009,9,10
1235,2009-09-14,1,2009,9,14
1236,2009-09-15,2,2009,9,15
1237,2009-09-18,2,2009,9,18
1238,2009-09-21,1,2009,9,21
1239,2009-09-25,1,2009,9,25
1240,2009-09-28,1,2009,9,28
1241,2009-09-29,2,2009,9,29
1242,2009-09-30,1,2009,9,30
1243,2009-10-01,1,2009,10,1
1244,2009-10-02,1,2009,10,2
1245,2009-10-07,2,2009,10,7
1246,2009-10-09,1,2009,10,9
1247,2009-10-13,1,2009,10,13
1248,2009-10-14,1,2009,10,14
1249,2009-10-19,2,2009,10,19
1250,2009-10-20,1,2009,10,20
1251,2009-10-21,4,2009,10,21
1252,2009-10-22,2,2009,10,22
1253,2009-10-26,1,2009,10,26
1254,2009-10-27,1,2009,10,27
1255,2009-10-28,1,2009,10,28
1256,2009-10-29,1,2009,10,29
1257,2009-10-30,3,2009,10,30
1258,2009-11-02,1,2009,11,2
1259,2009-11-05,1,2009,11,5
1260,2009-11-06,1,2009,11,6
1261,2009-11-07,1,2009,11,7
1262,2009-11-08,2,2009,11,8
1263,2009-11-09,1,2009,11,9
1264,2009-11-10,2,2009,11,10
1265,2009-11-17,3,2009,11,17
1266,2009-11-19,1,2009,11,19
1267,2009-11-20,1,2009,11,20
1268,2009-11-21,1,2009,11,21
1269,2009-11-22,2,2009,11,22
1270,2009-11-23,5,2009,11,23
1271,2009-11-25,1,2009,11,25
1272,2009-11-26,3,2009,11,26
1273,2009-11-28,1,2009,11,28
1274,2009-12-01,1,2009,12,1
1275,2009-12-02,1,2009,12,2
1276,2009-12-04,1,2009,12,4
1277,2009-12-09,4,2009,12,9
1278,2009-12-10,1,2009,12,10
1279,2009-12-11,1,2009,12,11
1280,2009-12-12,1,2009,12,12
1281,2009-12-13,1,2009,12,13
1282,2009-12-16,4,2009,12,16
1283,2009-12-19,1,2009,12,19
1284,2009-12-20,1,2009,12,20
1285,2009-12-23,1,2009,12,23
1286,2009-12-24,1,2009,12,24
1287,2010-01-01,1,2010,1,1
1288,2010-01-04,2,2010,1,4
1289,2010-01-05,1,2010,1,5
1290,2010-01-06,1,2010,1,6
1291,2010-01-13,1,2010,1,13
1292,2010-01-19,1,2010,1,19
1293,2010-01-24,1,2010,1,24
1294,2010-01-30,1,2010,1,30
1295,2010-02-02,2,2010,2,2
1296,2010-02-05,1,2010,2,5
1297,2010-02-16,2,2010,2,16
1298,2010-02-23,1,2010,2,23
1299,2010-02-27,1,2010,2,27
1300,2010-03-01,2,2010,3,1
1301,2010-03-03,1,2010,3,3
1302,2010-03-08,1,2010,3,8
1303,2010-03-18,1,2010,3,18
1304,2010-03-19,1,2010,3,19
1305,2010-03-22,1,2010,3,22
1306,2010-03-25,1,2010,3,25
1307,2010-03-26,1,2010,3,26
1308,2010-03-30,1,2010,3,30
1309,2010-04-05,1,2010,4,5
1310,2010-04-07,2,2010,4,7
1311,2010-04-08,1,2010,4,8
1312,2010-04-11,1,2010,4,11
1313,2010-04-14,3,2010,4,14
1314,2010-04-15,1,2010,4,15
1315,2010-04-16,1,2010,4,16
1316,2010-04-21,1,2010,4,21
1317,2010-04-22,1,2010,4,22
1318,2010-04-24,1,2010,4,24
1319,2010-04-27,1,2010,4,27
1320,2010-05-03,1,2010,5,3
1321,2010-05-05,1,2010,5,5
1322,2010-05-06,1,2010,5,6
1323,2010-05-07,1,2010,5,7
1324,2010-05-11,1,2010,5,11
1325,2010-05-12,2,2010,5,12
1326,2010-05-13,1,2010,5,13
1327,2010-05-14,1,2010,5,14
1328,2010-05-18,2,2010,5,18
1329,2010-05-19,1,2010,5,19
1330,2010-05-21,1,2010,5,21
1331,2010-05-24,3,2010,5,24
1332,2010-05-26,3,2010,5,26
1333,2010-05-27,4,2010,5,27
1334,2010-05-28,1,2010,5,28
1335,2010-05-29,2,2010,5,29
1336,2010-05-30,1,2010,5,30
1337,2010-06-01,2,2010,6,1
1338,2010-06-03,1,2010,6,3
1339,2010-06-04,1,2010,6,4
1340,2010-06-08,2,2010,6,8
1341,2010-06-10,2,2010,6,10
1342,2010-06-11,1,2010,6,11
1343,2010-06-12,1,2010,6,12
1344,2010-06-13,1,2010,6,13
1345,2010-06-16,1,2010,6,16
1346,2010-06-19,1,2010,6,19
1347,2010-06-21,2,2010,6,21
1348,2010-06-22,1,2010,6,22
1349,2010-06-25,2,2010,6,25
1350,2010-06-30,1,2010,6,30
1351,2010-07-01,1,2010,7,1
1352,2010-07-04,1,2010,7,4
1353,2010-07-09,3,2010,7,9
1354,2010-07-16,1,2010,7,16
1355,2010-07-21,2,2010,7,21
1356,2010-07-27,3,2010,7,27
1357,2010-07-28,2,2010,7,28
1358,2010-07-29,3,2010,7,29
1359,2010-07-30,1,2010,7,30
1360,2010-08-05,1,2010,8,5
1361,2010-08-11,2,2010,8,11
1362,2010-08-13,2,2010,8,13
1363,2010-08-17,2,2010,8,17
1364,2010-08-18,1,2010,8,18
1365,2010-08-19,1,2010,8,19
1366,2010-08-26,2,2010,8,26
1367,2010-08-31,1,2010,8,31
1368,2010-09-07,1,2010,9,7
1369,2010-09-14,1,2010,9,14
1370,2010-09-16,1,2010,9,16
1371,2010-09-20,1,2010,9,20
1372,2010-09-22,3,2010,9,22
1373,2010-09-23,7,2010,9,23
1374,2010-09-24,3,2010,9,24
1375,2010-09-26,1,2010,9,26
1376,2010-09-27,1,2010,9,27
1377,2010-09-29,3,2010,9,29
1378,2010-09-30,1,2010,9,30
1379,2010-10-12,1,2010,10,12
1380,2010-10-14,1,2010,10,14
1381,2010-10-15,1,2010,10,15
1382,2010-10-16,1,2010,10,16
1383,2010-10-18,1,2010,10,18
1384,2010-10-21,1,2010,10,21
1385,2010-10-25,1,2010,10,25
1386,2010-10-26,2,2010,10,26
1387,2010-10-28,1,2010,10,28
1388,2010-10-29,3,2010,10,29
1389,2010-11-01,1,2010,11,1
1390,2010-11-02,2,2010,11,2
1391,2010-11-08,2,2010,11,8
1392,2010-11-09,3,2010,11,9
1393,2010-11-10,3,2010,11,10
1394,2010-11-13,1,2010,11,13
1395,2010-11-14,1,2010,11,14
1396,2010-11-15,1,2010,11,15
1397,2010-11-16,1,2010,11,16
1398,2010-11-22,1,2010,11,22
1399,2010-12-07,3,2010,12,7
1400,2010-12-09,2,2010,12,9
1401,2010-12-15,1,2010,12,15
1402,2010-12-20,1,2010,12,20
1403,2011-01-03,1,2011,1,3
1404,2011-01-06,1,2011,1,6
1405,2011-01-07,1,2011,1,7
1406,2011-01-11,1,2011,1,11
1407,2011-01-12,1,2011,1,12
1408,2011-01-13,1,2011,1,13
1409,2011-01-14,1,2011,1,14
1410,2011-01-18,2,2011,1,18
1411,2011-01-19,1,2011,1,19
1412,2011-01-20,2,2011,1,20
1413,2011-01-21,2,2011,1,21
1414,2011-01-25,1,2011,1,25
1415,2011-01-26,1,2011,1,26
1416,2011-01-27,2,2011,1,27
1417,2011-01-28,1,2011,1,28
1418,2011-02-01,1,2011,2,1
1419,2011-02-02,2,2011,2,2
1420,2011-02-03,1,2011,2,3
1421,2011-02-04,1,2011,2,4
1422,2011-02-05,1,2011,2,5
1423,2011-02-11,1,2011,2,11
1424,2011-02-12,1,2011,2,12
1425,2011-02-14,2,2011,2,14
1426,2011-02-15,4,2011,2,15
1427,2011-02-23,3,2011,2,23
1428,2011-02-24,1,2011,2,24
1429,2011-03-02,2,2011,3,2
1430,2011-03-09,2,2011,3,9
1431,2011-03-11,2,2011,3,11
1432,2011-03-13,1,2011,3,13
1433,2011-03-17,2,2011,3,17
1434,2011-03-18,1,2011,3,18
1435,2011-03-20,2,2011,3,20
1436,2011-03-21,1,2011,3,21
1437,2011-03-22,2,2011,3,22
1438,2011-03-24,2,2011,3,24
1439,2011-03-25,2,2011,3,25
1440,2011-03-28,4,2011,3,28
1441,2011-03-30,3,2011,3,30
1442,2011-03-31,4,2011,3,31
1443,2011-04-01,2,2011,4,1
1444,2011-04-02,2,2011,4,2
1445,2011-04-06,2,2011,4,6
1446,2011-04-07,1,2011,4,7
1447,2011-04-12,2,2011,4,12
1448,2011-04-15,1,2011,4,15
1449,2011-04-26,1,2011,4,26
1450,2011-05-02,1,2011,5,2
1451,2011-05-03,2,2011,5,3
1452,2011-05-09,2,2011,5,9
1453,2011-05-17,1,2011,5,17
1454,2011-05-30,1,2011,5,30
1455,2011-05-31,1,2011,5,31
1456,2011-06-01,1,2011,6,1
1457,2011-06-10,1,2011,6,10
1458,2011-06-18,1,2011,6,18
1459,2011-06-22,3,2011,6,22
1460,2011-06-27,1,2011,6,27
1461,2011-06-29,1,2011,6,29
1462,2011-07-06,1,2011,7,6
1463,2011-07-10,1,2011,7,10
1464,2011-07-12,1,2011,7,12
1465,2011-07-13,1,2011,7,13
1466,2011-07-18,1,2011,7,18
1467,2011-07-22,1,2011,7,22
1468,2011-07-29,1,2011,7,29
1469,2011-07-30,1,2011,7,30
1470,2011-07-31,1,2011,7,31
1471,2011-08-01,1,2011,8,1
1472,2011-08-03,2,2011,8,3
1473,2011-08-07,1,2011,8,7
1474,2011-08-08,2,2011,8,8
1475,2011-08-09,2,2011,8,9
1476,2011-08-11,1,2011,8,11
1477,2011-08-17,1,2011,8,17
1478,2011-08-18,1,2011,8,18
1479,2011-08-23,1,2011,8,23
1480,2011-08-31,1,2011,8,31
1481,2011-09-01,2,2011,9,1
1482,2011-09-05,1,2011,9,5
1483,2011-09-14,1,2011,9,14
1484,2011-09-20,1,2011,9,20
1485,2011-09-22,4,2011,9,22
1486,2011-09-23,1,2011,9,23
1487,2011-09-27,1,2011,9,27
1488,2011-09-29,2,2011,9,29
1489,2011-10-07,1,2011,10,7
1490,2011-10-08,1,2011,10,8
1491,2011-10-11,1,2011,10,11
1492,2011-10-12,2,2011,10,12
1493,2011-10-14,2,2011,10,14
1494,2011-10-16,1,2011,10,16
1495,2011-10-18,1,2011,10,18
1496,2011-10-21,3,2011,10,21
1497,2011-10-24,1,2011,10,24
1498,2011-10-25,1,2011,10,25
1499,2011-10-27,4,2011,10,27
1500,2011-10-28,1,2011,10,28
1501,2011-10-31,2,2011,10,31
1502,2011-11-03,1,2011,11,3
1503,2011-11-04,2,2011,11,4
1504,2011-11-06,1,2011,11,6
1505,2011-11-07,3,2011,11,7
1506,2011-11-08,2,2011,11,8
1507,2011-11-16,1,2011,11,16
1508,2011-11-20,1,2011,11,20
1509,2011-11-21,2,2011,11,21
1510,2011-11-22,1,2011,11,22
1511,2011-11-23,2,2011,11,23
1512,2011-11-24,1,2011,11,24
1513,2011-11-27,1,2011,11,27
1514,2011-11-28,1,2011,11,28
1515,2011-12-02,1,2011,12,2
1516,2011-12-05,2,2011,12,5
1517,2011-12-07,1,2011,12,7
1518,2011-12-12,1,2011,12,12
1519,2011-12-17,1,2011,12,17
1520,2011-12-22,1,2011,12,22
1521,2011-12-27,2,2011,12,27
1522,2011-12-28,1,2011,12,28
1523,2011-12-31,1,2011,12,31
1524,2012-01-01,1,2012,1,1
1525,2012-01-05,2,2012,1,5
1526,2012-01-10,2,2012,1,10
1527,2012-01-12,3,2012,1,12
1528,2012-01-14,2,2012,1,14
1529,2012-01-20,2,2012,1,20
1530,2012-01-21,1,2012,1,21
1531,2012-01-23,1,2012,1,23
1532,2012-01-24,1,2012,1,24
1533,2012-01-25,1,2012,1,25
1534,2012-01-26,1,2012,1,26
1535,2012-01-27,2,2012,1,27
1536,2012-01-30,1,2012,1,30
1537,2012-01-31,2,2012,1,31
1538,2012-02-02,1,2012,2,2
1539,2012-02-05,1,2012,2,5
1540,2012-02-06,1,2012,2,6
1541,2012-02-08,1,2012,2,8
1542,2012-02-09,3,2012,2,9
1543,2012-02-12,1,2012,2,12
1544,2012-02-22,1,2012,2,22
1545,2012-02-23,2,2012,2,23
1546,2012-02-25,1,2012,2,25
1547,2012-02-27,1,2012,2,27
1548,2012-02-28,1,2012,2,28
1549,2012-02-29,2,2012,2,29
1550,2012-03-02,2,2012,3,2
1551,2012-03-03,1,2012,3,3
1552,2012-03-06,1,2012,3,6
1553,2012-03-08,4,2012,3,8
1554,2012-03-09,1,2012,3,9
1555,2012-03-13,1,2012,3,13
1556,2012-03-14,1,2012,3,14
1557,2012-03-18,1,2012,3,18
1558,2012-03-20,1,2012,3,20
1559,2012-03-21,1,2012,3,21
1560,2012-03-22,1,2012,3,22
1561,2012-03-25,1,2012,3,25
1562,2012-03-26,1,2012,3,26
1563,2012-03-27,2,2012,3,27
1564,2012-03-29,1,2012,3,29
1565,2012-03-30,1,2012,3,30
1566,2012-04-10,1,2012,4,10
1567,2012-04-12,2,2012,4,12
1568,2012-04-13,1,2012,4,13
1569,2012-04-19,1,2012,4,19
1570,2012-04-20,1,2012,4,20
1571,2012-04-21,1,2012,4,21
1572,2012-04-25,2,2012,4,25
1573,2012-04-26,1,2012,4,26
1574,2012-05-03,6,2012,5,3
1575,2012-05-10,1,2012,5,10
1576,2012-05-11,1,2012,5,11
1577,2012-05-16,1,2012,5,16
1578,2012-05-17,1,2012,5,17
1579,2012-05-21,3,2012,5,21
1580,2012-05-22,2,2012,5,22
1581,2012-05-23,1,2012,5,23
1582,2012-05-25,2,2012,5,25
1583,2012-05-28,1,2012,5,28
1584,2012-05-29,1,2012,5,29
1585,2012-06-05,1,2012,6,5
1586,2012-06-06,1,2012,6,6
1587,2012-06-08,1,2012,6,8
1588,2012-06-09,2,2012,6,9
1589,2012-06-12,1,2012,6,12
1590,2012-06-13,1,2012,6,13
1591,2012-06-14,1,2012,6,14
1592,2012-06-15,2,2012,6,15
1593,2012-06-18,1,2012,6,18
1594,2012-06-19,1,2012,6,19
1595,2012-06-20,1,2012,6,20
1596,2012-06-26,1,2012,6,26
1597,2012-06-28,1,2012,6,28
1598,2012-07-02,1,2012,7,2
1599,2012-07-03,1,2012,7,3
1600,2012-07-05,2,2012,7,5
1601,2012-07-06,1,2012,7,6
1602,2012-07-18,1,2012,7,18
1603,2012-07-22,1,2012,7,22
1604,2012-07-25,1,2012,7,25
1605,2012-07-26,3,2012,7,26
1606,2012-07-27,1,2012,7,27
1607,2012-07-28,1,2012,7,28
1608,2012-08-03,1,2012,8,3
1609,2012-08-13,1,2012,8,13
1610,2012-08-15,2,2012,8,15
1611,2012-08-17,1,2012,8,17
1612,2012-08-19,3,2012,8,19
1613,2012-08-28,1,2012,8,28
1614,2012-08-29,4,2012,8,29
1615,2012-08-30,2,2012,8,30
1616,2012-08-31,1,2012,8,31
1617,2012-09-01,1,2012,9,1
1618,2012-09-03,1,2012,9,3
1619,2012-09-04,2,2012,9,4
1620,2012-09-07,1,2012,9,7
1621,2012-09-10,2,2012,9,10
1622,2012-09-11,3,2012,9,11
1623,2012-09-12,1,2012,9,12
1624,2012-09-14,1,2012,9,14
1625,2012-09-21,1,2012,9,21
1626,2012-09-23,1,2012,9,23
1627,2012-09-27,2,2012,9,27
1628,2012-10-01,1,2012,10,1
1629,2012-10-02,1,2012,10,2
1630,2012-10-03,3,2012,10,3
1631,2012-10-04,1,2012,10,4
1632,2012-10-09,3,2012,10,9
1633,2012-10-10,1,2012,10,10
1634,2012-10-12,2,2012,10,12
1635,2012-10-16,1,2012,10,16
1636,2012-10-17,3,2012,10,17
1637,2012-10-18,1,2012,10,18
1638,2012-10-19,1,2012,10,19
1639,2012-10-20,1,2012,10,20
1640,2012-10-22,1,2012,10,22
1641,2012-10-30,1,2012,10,30
1642,2012-11-01,2,2012,11,1
1643,2012-11-04,1,2012,11,4
1644,2012-11-05,1,2012,11,5
1645,2012-11-08,1,2012,11,8
1646,2012-11-11,5,2012,11,11
1647,2012-11-13,3,2012,11,13
1648,2012-11-14,3,2012,11,14
1649,2012-11-16,1,2012,11,16
1650,2012-11-18,1,2012,11,18
1651,2012-11-19,1,2012,11,19
1652,2012-11-20,1,2012,11,20
1653,2012-11-29,1,2012,11,29
1654,2012-12-05,1,2012,12,5
1655,2012-12-17,1,2012,12,17
1656,2012-12-18,1,2012,12,18
1657,2012-12-21,2,2012,12,21
1658,2012-12-22,1,2012,12,22
1659,2013-01-02,1,2013,1,2
1660,2013-01-03,1,2013,1,3
1661,2013-01-04,1,2013,1,4
1662,2013-01-07,1,2013,1,7
1663,2013-01-09,2,2013,1,9
1664,2013-01-11,1,2013,1,11
1665,2013-01-14,1,2013,1,14
1666,2013-01-15,7,2013,1,15
1667,2013-01-16,4,2013,1,16
1668,2013-01-17,1,2013,1,17
1669,2013-01-19,1,2013,1,19
1670,2013-01-23,1,2013,1,23
1671,2013-01-25,2,2013,1,25
1672,2013-01-26,1,2013,1,26
1673,2013-01-31,1,2013,1,31
1674,2013-02-08,2,2013,2,8
1675,2013-02-11,1,2013,2,11
1676,2013-02-12,2,2013,2,12
1677,2013-02-13,1,2013,2,13
1678,2013-02-14,1,2013,2,14
1679,2013-02-18,1,2013,2,18
1680,2013-02-19,1,2013,2,19
1681,2013-02-21,1,2013,2,21
1682,2013-02-22,3,2013,2,22
1683,2013-02-25,2,2013,2,25
1684,2013-02-26,1,2013,2,26
1685,2013-02-27,1,2013,2,27
1686,2013-03-02,2,2013,3,2
1687,2013-03-06,1,2013,3,6
1688,2013-03-07,4,2013,3,7
1689,2013-03-08,3,2013,3,8
1690,2013-03-12,1,2013,3,12
1691,2013-03-19,1,2013,3,19
1692,2013-03-21,1,2013,3,21
1693,2013-03-31,1,2013,3,31
1694,2013-04-12,2,2013,4,12
1695,2013-04-16,1,2013,4,16
1696,2013-04-17,1,2013,4,17
1697,2013-04-18,1,2013,4,18
1698,2013-04-19,1,2013,4,19
1699,2013-04-22,2,2013,4,22
1700,2013-04-28,1,2013,4,28
1701,2013-04-29,1,2013,4,29
1702,2013-04-30,2,2013,4,30
1703,2013-05-02,1,2013,5,2
1704,2013-05-03,1,2013,5,3
1705,2013-05-08,2,2013,5,8
1706,2013-05-09,1,2013,5,9
1707,2013-05-15,2,2013,5,15
1708,2013-05-17,2,2013,5,17
1709,2013-05-22,1,2013,5,22
1710,2013-05-23,1,2013,5,23
1711,2013-05-26,1,2013,5,26
1712,2013-05-27,1,2013,5,27
1713,2013-05-28,1,2013,5,28
1714,2013-05-31,1,2013,5,31
1715,2013-06-04,1,2013,6,4
1716,2013-06-12,1,2013,6,12
1717,2013-06-13,1,2013,6,13
1718,2013-06-15,1,2013,6,15
1719,2013-06-16,1,2013,6,16
1720,2013-06-17,2,2013,6,17
1721,2013-06-21,1,2013,6,21
1722,2013-06-24,3,2013,6,24
1723,2013-06-28,3,2013,6,28
1724,2013-06-30,1,2013,6,30
1725,2013-07-02,1,2013,7,2
1726,2013-07-04,2,2013,7,4
1727,2013-07-06,7,2013,7,6
1728,2013-07-08,1,2013,7,8
1729,2013-07-11,1,2013,7,11
1730,2013-07-21,1,2013,7,21
1731,2013-07-25,1,2013,7,25
1732,2013-07-31,2,2013,7,31
1733,2013-08-02,1,2013,8,2
1734,2013-08-05,1,2013,8,5
1735,2013-08-11,1,2013,8,11
1736,2013-08-14,1,2013,8,14
1737,2013-08-21,1,2013,8,21
1738,2013-08-23,2,2013,8,23
1739,2013-08-30,2,2013,8,30
1740,2013-09-04,1,2013,9,4
1741,2013-09-11,3,2013,9,11
1742,2013-09-13,1,2013,9,13
1743,2013-09-15,1,2013,9,15
1744,2013-09-18,2,2013,9,18
1745,2013-09-23,2,2013,9,23
1746,2013-09-25,1,2013,9,25
1747,2013-10-03,1,2013,10,3
1748,2013-10-24,2,2013,10,24
1749,2013-10-31,2,2013,10,31
1750,2013-11-05,1,2013,11,5
1751,2013-11-08,1,2013,11,8
1752,2013-11-11,1,2013,11,11
1753,2013-11-21,2,2013,11,21
1754,2013-11-26,1,2013,11,26
1755,2013-11-28,1,2013,11,28
1756,2013-12-12,2,2013,12,12
1757,2013-12-13,1,2013,12,13
1758,2013-12-18,1,2013,12,18
1759,2013-12-19,1,2013,12,19
1760,2013-12-20,2,2013,12,20
1761,2013-12-27,1,2013,12,27
1762,2014-01-02,1,2014,1,2
1763,2014-01-09,1,2014,1,9
1764,2014-01-10,1,2014,1,10
1765,2014-01-16,1,2014,1,16
1766,2014-01-18,2,2014,1,18
1767,2014-01-21,2,2014,1,21
1768,2014-01-28,1,2014,1,28
1769,2014-01-31,2,2014,1,31
1770,2014-02-05,2,2014,2,5
1771,2014-02-08,1,2014,2,8
1772,2014-02-09,1,2014,2,9
1773,2014-02-11,1,2014,2,11
1774,2014-02-18,2,2014,2,18
1775,2014-02-21,1,2014,2,21
1776,2014-02-27,1,2014,2,27
1777,2014-03-03,1,2014,3,3
1778,2014-03-13,2,2014,3,13
1779,2014-03-20,3,2014,3,20
1780,2014-03-29,1,2014,3,29
1781,2014-04-01,1,2014,4,1
1782,2014-04-03,1,2014,4,3
1783,2014-04-07,1,2014,4,7
1784,2014-04-10,1,2014,4,10
1785,2014-04-17,1,2014,4,17
1786,2014-04-29,1,2014,4,29
1787,2014-05-01,3,2014,5,1
1788,2014-05-08,1,2014,5,8
1789,2014-05-19,1,2014,5,19
1790,2014-05-20,1,2014,5,20
1791,2014-05-21,1,2014,5,21
1792,2014-05-28,4,2014,5,28
1793,2014-05-30,1,2014,5,30
1794,2014-05-31,1,2014,5,31
1795,2014-06-12,1,2014,6,12
1796,2014-06-14,1,2014,6,14
1797,2014-06-16,1,2014,6,16
1798,2014-06-20,1,2014,6,20
1799,2014-06-29,1,2014,6,29
1800,2014-07-12,1,2014,7,12
1801,2014-07-14,2,2014,7,14
1802,2014-07-17,2,2014,7,17
1803,2014-07-18,1,2014,7,18
1804,2014-07-31,1,2014,7,31
1805,2014-08-06,1,2014,8,6
1806,2014-08-23,2,2014,8,23
1807,2014-08-27,1,2014,8,27
1808,2014-08-29,1,2014,8,29
1809,2014-09-02,1,2014,9,2
1810,2014-09-04,1,2014,9,4
1811,2014-09-05,1,2014,9,5
1812,2014-09-08,1,2014,9,8
1813,2014-09-09,3,2014,9,9
1814,2014-09-11,1,2014,9,11
1815,2014-09-24,2,2014,9,24
1816,2014-09-29,1,2014,9,29
1817,2014-09-30,2,2014,9,30
1818,2014-10-01,1,2014,10,1
1819,2014-10-02,1,2014,10,2
1820,2014-10-06,1,2014,10,6
1821,2014-10-08,1,2014,10,8
1822,2014-10-14,1,2014,10,14
1823,2014-10-15,1,2014,10,15
1824,2014-10-16,1,2014,10,16
1825,2014-10-17,1,2014,10,17
1826,2014-10-18,1,2014,10,18
1827,2014-10-20,1,2014,10,20
1828,2014-10-21,1,2014,10,21
1829,2014-10-22,1,2014,10,22
1830,2014-10-23,2,2014,10,23
1831,2014-10-28,1,2014,10,28
1832,2014-11-05,2,2014,11,5
1833,2014-11-10,1,2014,11,10
1834,2014-11-13,1,2014,11,13
1835,2014-11-18,1,2014,11,18
1836,2014-11-21,1,2014,11,21
1837,2014-12-03,2,2014,12,3
1838,2014-12-05,1,2014,12,5
1839,2014-12-07,1,2014,12,7
1840,2014-12-09,2,2014,12,9
1841,2014-12-10,1,2014,12,10
1842,2014-12-23,1,2014,12,23
1843,2015-01-09,2,2015,1,9
1844,2015-01-10,1,2015,1,10
1845,2015-01-11,1,2015,1,11
1846,2015-01-13,1,2015,1,13
1847,2015-01-20,1,2015,1,20
1848,2015-01-27,1,2015,1,27
1849,2015-01-29,1,2015,1,29
1850,2015-02-01,1,2015,2,1
1851,2015-02-04,1,2015,2,4
1852,2015-02-05,1,2015,2,5
1853,2015-02-11,1,2015,2,11
1854,2015-02-12,1,2015,2,12
1855,2015-02-14,1,2015,2,14
1856,2015-02-17,2,2015,2,17
1857,2015-02-18,1,2015,2,18
1858,2015-02-23,2,2015,2,23
1859,2015-02-24,1,2015,2,24
1860,2015-02-27,1,2015,2,27
1861,2015-03-07,1,2015,3,7
1862,2015-03-11,1,2015,3,11
1863,2015-03-12,1,2015,3,12
1864,2015-03-27,1,2015,3,27
1865,2015-03-30,1,2015,3,30
1866,2015-03-31,1,2015,3,31
1867,2015-04-14,1,2015,4,14
1868,2015-04-16,1,2015,4,16
1869,2015-04-18,1,2015,4,18
1870,2015-04-23,1,2015,4,23
1871,2015-04-27,1,2015,4,27
1872,2015-04-29,1,2015,4,29
1873,2015-05-05,1,2015,5,5
1874,2015-05-08,2,2015,5,8
1875,2015-05-11,4,2015,5,11
1876,2015-05-14,3,2015,5,14
1877,2015-05-18,1,2015,5,18
1878,2015-05-21,1,2015,5,21
1879,2015-05-22,2,2015,5,22
1880,2015-05-25,1,2015,5,25
1881,2015-05-27,1,2015,5,27
1882,2015-05-28,1,2015,5,28
1883,2015-05-29,1,2015,5,29
1884,2015-05-30,1,2015,5,30
1885,2015-06-01,4,2015,6,1
1886,2015-06-03,1,2015,6,3
1887,2015-06-04,2,2015,6,4
1888,2015-06-06,1,2015,6,6
1889,2015-06-07,1,2015,6,7
1890,2015-06-09,1,2015,6,9
1891,2015-06-11,1,2015,6,11
1892,2015-06-12,1,2015,6,12
1893,2015-06-13,2,2015,6,13
1894,2015-06-15,1,2015,6,15
1895,2015-06-19,3,2015,6,19
1896,2015-06-22,1,2015,6,22
1897,2015-06-25,2,2015,6,25
1898,2015-06-26,9,2015,6,26
1899,2015-06-27,2,2015,6,27
1900,2015-07-01,2,2015,7,1
1901,2015-07-07,1,2015,7,7
1902,2015-07-09,1,2015,7,9
1903,2015-07-12,1,2015,7,12
1904,2015-07-16,1,2015,7,16
1905,2015-07-31,1,2015,7,31
1906,2015-08-04,1,2015,8,4
1907,2015-08-06,1,2015,8,6
1908,2015-08-11,1,2015,8,11
1909,2015-08-14,1,2015,8,14
1910,2015-08-15,5,2015,8,15
1911,2015-09-06,1,2015,9,6
1912,2015-09-09,3,2015,9,9
1913,2015-09-15,2,2015,9,15
1914,2015-09-16,2,2015,9,16
1915,2015-09-22,4,2015,9,22
1916,2015-09-23,4,2015,9,23
1917,2015-09-24,2,2015,9,24
1918,2015-09-25,2,2015,9,25
1919,2015-09-28,1,2015,9,28
1920,2015-09-29,2,2015,9,29
1921,2015-09-30,1,2015,9,30
1922,2015-10-04,1,2015,10,4
1923,2015-10-05,3,2015,10,5
1924,2015-10-07,3,2015,10,7
1925,2015-10-08,2,2015,10,8
1926,2015-10-09,3,2015,10,9
1927,2015-10-10,1,2015,10,10
1928,2015-10-19,1,2015,10,19
1929,2015-10-21,1,2015,10,21
1930,2015-10-24,1,2015,10,24
1931,2015-10-28,3,2015,10,28
1932,2015-11-03,1,2015,11,3
1933,2015-11-05,2,2015,11,5
1934,2015-11-11,1,2015,11,11
1935,2015-11-13,1,2015,11,13
1936,2015-11-17,1,2015,11,17
1937,2015-11-19,1,2015,11,19
1938,2015-11-20,1,2015,11,20
1939,2015-11-23,2,2015,11,23
1940,2015-11-24,1,2015,11,24
1941,2015-11-25,2,2015,11,25
1942,2015-11-27,1,2015,11,27
1943,2015-12-01,2,2015,12,1
1944,2015-12-02,1,2015,12,2
1945,2015-12-04,1,2015,12,4
1946,2015-12-09,1,2015,12,9
1947,2015-12-15,1,2015,12,15
1948,2015-12-18,5,2015,12,18
1949,2015-12-21,1,2015,12,21
1950,2015-12-23,1,2015,12,23
1951,2015-12-26,1,2015,12,26
1952,2015-12-30,1,2015,12,30
1953,2016-01-03,1,2016,1,3
1954,2016-01-11,1,2016,1,11
1955,2016-01-12,2,2016,1,12
1956,2016-01-13,1,2016,1,13
1957,2016-01-17,2,2016,1,17
1958,2016-01-19,1,2016,1,19
1959,2016-01-20,1,2016,1,20
1960,2016-01-21,1,2016,1,21
1961,2016-01-24,1,2016,1,24
1962,2016-01-26,1,2016,1,26
1963,2016-01-27,2,2016,1,27
1964,2016-01-29,2,2016,1,29
1965,2016-02-02,1,2016,2,2
1966,2016-02-03,1,2016,2,3
1967,2016-02-08,1,2016,2,8
1968,2016-02-09,2,2016,2,9
1969,2016-02-16,1,2016,2,16
1970,2016-02-18,1,2016,2,18
1971,2016-02-23,2,2016,2,23
1972,2016-02-24,1,2016,2,24
1973,2016-02-28,1,2016,2,28
1974,2016-02-29,2,2016,2,29
1975,2016-03-01,2,2016,3,1
1976,2016-03-02,3,2016,3,2
1977,2016-03-04,6,2016,3,4
1978,2016-03-08,1,2016,3,8
1979,2016-03-09,2,2016,3,9
1980,2016-03-11,4,2016,3,11
1981,2016-03-12,1,2016,3,12
1982,2016-03-14,1,2016,3,14
1983,2016-03-19,1,2016,3,19
1984,2016-03-23,1,2016,3,23
1985,2016-03-25,1,2016,3,25
1986,2016-03-29,2,2016,3,29
1987,2016-03-30,7,2016,3,30
1988,2016-03-31,11,2016,3,31
1989,2016-04-01,2,2016,4,1
1990,2016-04-05,2,2016,4,5
1991,2016-04-06,3,2016,4,6
1992,2016-04-07,1,2016,4,7
1993,2016-04-08,1,2016,4,8
1994,2016-04-09,2,2016,4,9
1995,2016-04-10,2,2016,4,10
1996,2016-04-11,1,2016,4,11
1997,2016-04-17,2,2016,4,17
1998,2016-04-19,2,2016,4,19
1999,2016-04-20,1,2016,4,20
2000,2016-04-26,1,2016,4,26
2001,2016-04-27,1,2016,4,27
2002,2016-04-28,2,2016,4,28
2003,2016-05-03,1,2016,5,3
2004,2016-05-04,2,2016,5,4
2005,2016-05-06,3,2016,5,6
2006,2016-05-10,2,2016,5,10
2007,2016-05-11,1,2016,5,11
2008,2016-05-12,2,2016,5,12
2009,2016-05-13,2,2016,5,13
2010,2016-05-17,1,2016,5,17
2011,2016-05-18,1,2016,5,18
2012,2016-05-27,1,2016,5,27
2013,2016-05-30,1,2016,5,30
2014,2016-06-02,2,2016,6,2
2015,2016-06-04,1,2016,6,4
2016,2016-06-05,2,2016,6,5
2017,2016-06-06,1,2016,6,6
2018,2016-06-08,1,2016,6,8
2019,2016-06-11,1,2016,6,11
2020,2016-06-17,1,2016,6,17
2021,2016-06-21,1,2016,6,21
2022,2016-06-22,2,2016,6,22
2023,2016-06-23,2,2016,6,23
2024,2016-06-27,1,2016,6,27
2025,2016-07-01,1,2016,7,1
2026,2016-07-04,1,2016,7,4
2027,2016-07-06,1,2016,7,6
2028,2016-07-07,1,2016,7,7
2029,2016-07-08,3,2016,7,8
2030,2016-07-12,1,2016,7,12
2031,2016-07-13,1,2016,7,13
2032,2016-07-17,1,2016,7,17
2033,2016-07-21,1,2016,7,21
2034,2016-07-22,1,2016,7,22
2035,2016-07-29,2,2016,7,29
2036,2016-08-03,1,2016,8,3
2037,2016-08-04,1,2016,8,4
2038,2016-08-05,1,2016,8,5
2039,2016-08-09,1,2016,8,9
2040,2016-08-11,1,2016,8,11
2041,2016-08-12,1,2016,8,12
2042,2016-08-15,1,2016,8,15
2043,2016-08-16,1,2016,8,16
2044,2016-08-19,1,2016,8,19
2045,2016-08-20,2,2016,8,20
2046,2016-08-21,1,2016,8,21
2047,2016-08-22,1,2016,8,22
2048,2016-08-23,5,2016,8,23
2049,2016-08-24,2,2016,8,24
2050,2016-08-25,1,2016,8,25
2051,2016-08-28,2,2016,8,28
2052,2016-08-29,3,2016,8,29
2053,2016-08-30,4,2016,8,30
2054,2016-08-31,1,2016,8,31
2055,2016-09-02,1,2016,9,2
2056,2016-09-07,1,2016,9,7
2057,2016-09-09,8,2016,9,9
2058,2016-09-15,2,2016,9,15
2059,2016-09-16,5,2016,9,16
2060,2016-09-17,1,2016,9,17
2061,2016-09-21,1,2016,9,21
2062,2016-09-23,1,2016,9,23
2063,2016-09-26,1,2016,9,26
2064,2016-09-28,4,2016,9,28
2065,2016-10-02,1,2016,10,2
2066,2016-10-03,4,2016,10,3
2067,2016-10-04,9,2016,10,4
2068,2016-10-05,1,2016,10,5
2069,2016-10-09,3,2016,10,9
2070,2016-10-10,1,2016,10,10
2071,2016-10-11,4,2016,10,11
2072,2016-10-12,3,2016,10,12
2073,2016-10-13,2,2016,10,13
2074,2016-10-18,1,2016,10,18
2075,2016-10-19,2,2016,10,19
2076,2016-10-21,1,2016,10,21
2077,2016-10-25,3,2016,10,25
2078,2016-10-27,1,2016,10,27
2079,2016-10-28,2,2016,10,28
2080,2016-10-31,2,2016,10,31
2081,2016-11-02,1,2016,11,2
2082,2016-11-03,3,2016,11,3
2083,2016-11-04,1,2016,11,4
2084,2016-11-06,1,2016,11,6
2085,2016-11-07,1,2016,11,7
2086,2016-11-08,3,2016,11,8
2087,2016-11-09,1,2016,11,9
2088,2016-11-16,2,2016,11,16
2089,2016-11-21,3,2016,11,21
2090,2016-11-22,2,2016,11,22
2091,2016-11-24,2,2016,11,24
2092,2016-11-25,1,2016,11,25
2093,2016-11-30,1,2016,11,30
2094,2016-12-07,1,2016,12,7
2095,2016-12-09,1,2016,12,9
2096,2016-12-12,1,2016,12,12
2097,2016-12-13,1,2016,12,13
2098,2016-12-15,2,2016,12,15
2099,2016-12-19,2,2016,12,19
2100,2016-12-20,1,2016,12,20
2101,2016-12-27,3,2016,12,27
2102,2016-12-30,2,2016,12,30
2103,2017-01-02,2,2017,1,2
2104,2017-01-03,1,2017,1,3
2105,2017-01-04,1,2017,1,4
2106,2017-01-09,1,2017,1,9
2107,2017-01-11,2,2017,1,11
2108,2017-01-13,1,2017,1,13
2109,2017-01-14,1,2017,1,14
2110,2017-01-16,12,2017,1,16
2111,2017-01-17,1,2017,1,17
2112,2017-01-20,1,2017,1,20
2113,2017-01-24,2,2017,1,24
2114,2017-01-25,4,2017,1,25
2115,2017-01-26,1,2017,1,26
2116,2017-01-27,3,2017,1,27
2117,2017-01-29,1,2017,1,29
2118,2017-01-30,1,2017,1,30
2119,2017-02-01,1,2017,2,1
2120,2017-02-02,5,2017,2,2
2121,2017-02-03,3,2017,2,3
2122,2017-02-04,1,2017,2,4
2123,2017-02-05,1,2017,2,5
2124,2017-02-09,4,2017,2,9
2125,2017-02-12,2,2017,2,12
2126,2017-02-14,1,2017,2,14
2127,2017-02-15,1,2017,2,15
2128,2017-02-16,2,2017,2,16
2129,2017-02-21,1,2017,2,21
2130,2017-02-22,2,2017,2,22
2131,2017-02-24,1,2017,2,24
2132,2017-02-27,4,2017,2,27
2133,2017-02-28,2,2017,2,28
2134,2017-03-02,3,2017,3,2
2135,2017-03-03,2,2017,3,3
2136,2017-03-06,1,2017,3,6
2137,2017-03-07,4,2017,3,7
2138,2017-03-09,1,2017,3,9
2139,2017-03-10,2,2017,3,10
2140,2017-03-13,1,2017,3,13
2141,2017-03-14,3,2017,3,14
2142,2017-03-15,1,2017,3,15
2143,2017-03-22,1,2017,3,22
2144,2017-03-23,1,2017,3,23
2145,2017-03-24,1,2017,3,24
2146,2017-03-25,2,2017,3,25
2147,2017-03-28,1,2017,3,28
2148,2017-03-31,1,2017,3,31
2149,2017-04-03,2,2017,4,3
2150,2017-04-04,1,2017,4,4
2151,2017-04-08,2,2017,4,8
2152,2017-04-11,1,2017,4,11
2153,2017-04-12,2,2017,4,12
2154,2017-04-13,1,2017,4,13
2155,2017-04-16,1,2017,4,16
2156,2017-04-17,1,2017,4,17
2157,2017-04-20,1,2017,4,20
2158,2017-04-25,2,2017,4,25
2159,2017-05-03,1,2017,5,3
2160,2017-05-05,1,2017,5,5
2161,2017-05-06,1,2017,5,6
2162,2017-05-08,1,2017,5,8
2163,2017-05-10,1,2017,5,10
2164,2017-05-13,1,2017,5,13
2165,2017-05-16,1,2017,5,16
2166,2017-05-18,2,2017,5,18
2167,2017-05-22,3,2017,5,22
2168,2017-05-29,3,2017,5,29
2169,2017-05-30,1,2017,5,30
2170,2017-06-08,2,2017,6,8
2171,2017-06-09,1,2017,6,9
2172,2017-06-26,2,2017,6,26
2173,2017-06-28,2,2017,6,28
2174,2017-07-01,3,2017,7,1
2175,2017-07-12,1,2017,7,12
2176,2017-07-13,4,2017,7,13
2177,2017-07-14,4,2017,7,14
2178,2017-07-15,5,2017,7,15
2179,2017-07-16,2,2017,7,16
2180,2017-07-17,3,2017,7,17
2181,2017-07-18,1,2017,7,18
2182,2017-07-20,1,2017,7,20
2183,2017-07-21,1,2017,7,21
2184,2017-07-24,2,2017,7,24
2185,2017-07-26,2,2017,7,26
2186,2017-07-27,1,2017,7,27
2187,2017-07-28,1,2017,7,28
2188,2017-08-06,1,2017,8,6
2189,2017-08-08,1,2017,8,8
2190,2017-08-10,2,2017,8,10
2191,2017-08-15,1,2017,8,15
2192,2017-08-17,3,2017,8,17
2193,2017-08-20,1,2017,8,20
2194,2017-08-21,1,2017,8,21
2195,2017-08-22,1,2017,8,22
2196,2017-08-23,1,2017,8,23
2197,2017-08-26,1,2017,8,26
2198,2017-08-29,1,2017,8,29
2199,2017-08-31,1,2017,8,31
2200,2017-09-03,1,2017,9,3
2201,2017-09-05,1,2017,9,5
2202,2017-09-07,1,2017,9,7
2203,2017-09-08,1,2017,9,8
2204,2017-09-09,3,2017,9,9
2205,2017-09-12,1,2017,9,12
2206,2017-09-19,2,2017,9,19
2207,2017-09-20,1,2017,9,20
2208,2017-09-22,2,2017,9,22
2209,2017-09-23,1,2017,9,23
2210,2017-09-27,4,2017,9,27
2211,2017-09-28,2,2017,9,28
2212,2017-10-02,3,2017,10,2
2213,2017-10-03,1,2017,10,3
2214,2017-10-04,6,2017,10,4
2215,2017-10-05,1,2017,10,5
2216,2017-10-10,1,2017,10,10
2217,2017-10-11,1,2017,10,11
2218,2017-10-17,1,2017,10,17
2219,2017-10-19,4,2017,10,19
2220,2017-10-20,2,2017,10,20
2221,2017-10-24,5,2017,10,24
2222,2017-10-26,1,2017,10,26
2223,2017-11-02,1,2017,11,2
2224,2017-11-08,5,2017,11,8
2225,2017-11-10,2,2017,11,10
2226,2017-11-11,1,2017,11,11
2227,2017-11-13,1,2017,11,13
2228,2017-11-15,2,2017,11,15
2229,2017-11-17,2,2017,11,17
2230,2017-11-18,1,2017,11,18
2231,2017-11-20,2,2017,11,20
2232,2017-11-21,1,2017,11,21
2233,2017-11-22,1,2017,11,22
2234,2017-11-25,1,2017,11,25
2235,2017-11-28,1,2017,11,28
2236,2017-11-30,1,2017,11,30
2237,2017-12-01,1,2017,12,1
2238,2017-12-07,1,2017,12,7
2239,2017-12-08,1,2017,12,8
2240,2017-12-12,1,2017,12,12
2241,2017-12-14,1,2017,12,14
2242,2017-12-15,1,2017,12,15
2243,2017-12-18,1,2017,12,18
2244,2017-12-19,2,2017,12,19
2245,2017-12-20,1,2017,12,20
2246,2017-12-22,2,2017,12,22
2247,2017-12-27,1,2017,12,27
2248,2017-12-28,1,2017,12,28
2249,2018-01-02,2,2018,1,2
2250,2018-01-03,1,2018,1,3
2251,2018-01-05,1,2018,1,5
2252,2018-01-11,1,2018,1,11
2253,2018-01-15,369,2018,1,15
2254,2018-01-16,177,2018,1,16
2255,2018-01-17,68,2018,1,17
2256,2018-01-18,49,2018,1,18
2257,2018-01-19,63,2018,1,19
2258,2018-01-20,21,2018,1,20
2259,2018-01-21,19,2018,1,21
2260,2018-01-22,14,2018,1,22
2261,2018-01-23,34,2018,1,23
2262,2018-01-24,15,2018,1,24
2263,2018-01-25,6,2018,1,25
2264,2018-01-26,3,2018,1,26
2265,2018-01-27,6,2018,1,27
2266,2018-01-28,11,2018,1,28
2267,2018-01-29,40,2018,1,29
2268,2018-01-30,26,2018,1,30
2269,2018-01-31,13,2018,1,31
2270,2018-02-01,9,2018,2,1
2271,2018-02-02,3,2018,2,2
2272,2018-02-03,11,2018,2,3
2273,2018-02-04,6,2018,2,4
2274,2018-02-05,149,2018,2,5
2275,2018-02-06,142,2018,2,6
2276,2018-02-07,66,2018,2,7
2277,2018-02-08,10,2018,2,8
2278,2018-02-09,12,2018,2,9
2279,2018-02-10,5,2018,2,10
2280,2018-02-11,5,2018,2,11
2281,2018-02-12,10,2018,2,12
2282,2018-02-13,21,2018,2,13
2283,2018-02-14,14,2018,2,14
2284,2018-02-15,13,2018,2,15
2285,2018-02-16,5,2018,2,16
2286,2018-02-17,7,2018,2,17
2287,2018-02-18,2,2018,2,18
2288,2018-02-19,11,2018,2,19
2289,2018-02-20,14,2018,2,20
2290,2018-02-21,3,2018,2,21
2291,2018-02-22,2,2018,2,22
2292,2018-02-23,2,2018,2,23
2293,2018-02-24,1,2018,2,24
2294,2018-02-25,5,2018,2,25
2295,2018-02-26,51,2018,2,26
2296,2018-02-27,30,2018,2,27
2297,2018-02-28,5,2018,2,28
2298,2018-03-01,6,2018,3,1
2299,2018-03-02,2,2018,3,2
2300,2018-03-06,2,2018,3,6
2301,2018-03-07,3,2018,3,7
2302,2018-03-08,2,2018,3,8
2303,2018-03-12,1,2018,3,12
2304,2018-03-13,1,2018,3,13
2305,2018-03-14,4,2018,3,14
2306,2018-03-15,2,2018,3,15
2307,2018-03-19,1,2018,3,19
2308,2018-03-20,16,2018,3,20
2309,2018-03-21,9,2018,3,21
2310,2018-03-22,2,2018,3,22
2311,2018-03-23,56,2018,3,23
2312,2018-03-24,26,2018,3,24
2313,2018-03-25,5,2018,3,25
2314,2018-03-26,7,2018,3,26
2315,2018-03-27,12,2018,3,27
2316,2018-03-28,2,2018,3,28
2317,2018-03-31,3,2018,3,31
2318,2018-04-03,1,2018,4,3
2319,2018-04-04,2,2018,4,4
2320,2018-04-05,3,2018,4,5
2321,2018-04-06,3,2018,4,6
2322,2018-04-07,6,2018,4,7
2323,2018-04-11,1,2018,4,11
2324,2018-04-12,1,2018,4,12
2325,2018-04-17,18,2018,4,17
2326,2018-04-18,10,2018,4,18
2327,2018-04-19,3,2018,4,19
2328,2018-04-20,40,2018,4,20
2329,2018-04-21,15,2018,4,21
2330,2018-04-24,16,2018,4,24
2331,2018-04-25,7,2018,4,25
2332,2018-04-26,2,2018,4,26
2333,2018-04-28,3,2018,4,28
2334,2018-04-30,1,2018,4,30
2335,2018-05-01,1,2018,5,1
2336,2018-05-03,2,2018,5,3
2337,2018-05-05,4,2018,5,5
2338,2018-05-06,1,2018,5,6
2339,2018-05-07,4,2018,5,7
2340,2018-05-08,46,2018,5,8
2341,2018-05-09,30,2018,5,9
2342,2018-05-10,9,2018,5,10
2343,2018-05-11,4,2018,5,11
2344,2018-05-12,5,2018,5,12
2345,2018-05-13,5,2018,5,13
2346,2018-05-15,1,2018,5,15
2347,2018-05-16,46,2018,5,16
2348,2018-05-17,19,2018,5,17
2349,2018-05-18,5,2018,5,18
2350,2018-05-22,1,2018,5,22
2351,2018-05-23,11,2018,5,23
2352,2018-05-24,3,2018,5,24
2353,2018-05-31,1,2018,5,31
2354,2018-06-01,37,2018,6,1
2355,2018-06-02,11,2018,6,2
2356,2018-06-03,14,2018,6,3
2357,2018-06-04,2,2018,6,4
2358,2018-06-05,1,2018,6,5
2359,2018-06-08,4,2018,6,8
2360,2018-06-12,3,2018,6,12
2361,2018-06-13,8,2018,6,13
2362,2018-06-14,5,2018,6,14
2363,2018-06-15,2,2018,6,15
2364,2018-06-18,1,2018,6,18
2365,2018-06-20,1,2018,6,20
2366,2018-06-21,5,2018,6,21
2367,2018-06-24,1,2018,6,24
2368,2018-06-25,1,2018,6,25
2369,2018-06-27,1,2018,6,27
2370,2018-06-28,2,2018,6,28
2371,2018-06-29,26,2018,6,29
2372,2018-06-30,5,2018,6,30
2373,2018-07-01,1,2018,7,1
2374,2018-07-02,3,2018,7,2
2375,2018-07-06,33,2018,7,6
2376,2018-07-07,12,2018,7,7
2377,2018-07-08,1,2018,7,8
2378,2018-07-09,5,2018,7,9
2379,2018-07-10,1,2018,7,10
2380,2018-07-12,1,2018,7,12
2381,2018-07-31,21,2018,7,31
2382,2018-08-01,33,2018,8,1
2383,2018-08-02,1,2018,8,2
2384,2018-08-06,2,2018,8,6
2385,2018-08-07,11,2018,8,7
2386,2018-08-08,2,2018,8,8
2387,2018-08-13,2,2018,8,13
2388,2018-08-17,1,2018,8,17
2389,2018-08-27,2,2018,8,27
2390,2018-08-29,1,2018,8,29
2391,2018-08-31,1,2018,8,31
2392,2018-09-03,1,2018,9,3
2393,2018-09-04,1,2018,9,4
2394,2018-09-05,3,2018,9,5
2395,2018-09-06,23,2018,9,6
2396,2018-09-07,17,2018,9,7
2397,2018-09-08,2,2018,9,8
2398,2018-09-12,2,2018,9,12
2399,2018-09-13,3,2018,9,13
2400,2018-09-14,3,2018,9,14
2401,2018-09-15,2,2018,9,15
2402,2018-09-16,8,2018,9,16
2403,2018-09-17,1,2018,9,17
2404,2018-09-18,1,2018,9,18
2405,2018-09-22,3,2018,9,22
2406,2018-09-23,2,2018,9,23
2407,2018-09-25,1,2018,9,25
2408,2018-09-26,1,2018,9,26
2409,2018-09-27,2,2018,9,27
2410,2018-09-28,1,2018,9,28
2411,2018-09-29,1,2018,9,29
2412,2018-10-01,2,2018,10,1
2413,2018-10-03,3,2018,10,3
2414,2018-10-04,2,2018,10,4
2415,2018-10-05,1,2018,10,5
2416,2018-10-06,5,2018,10,6
2417,2018-10-07,1,2018,10,7
2418,2018-10-10,5,2018,10,10
2419,2018-10-11,20,2018,10,11
2420,2018-10-12,4,2018,10,12
2421,2018-10-13,1,2018,10,13
2422,2018-10-15,1,2018,10,15
2423,2018-10-16,4,2018,10,16
2424,2018-10-17,2,2018,10,17
2425,2018-10-20,1,2018,10,20
2426,2018-10-21,1,2018,10,21
2427,2018-10-22,1,2018,10,22
2428,2018-10-23,5,2018,10,23
2429,2018-10-24,1,2018,10,24
2430,2018-10-26,2,2018,10,26
2431,2018-10-30,1,2018,10,30
2432,2018-11-01,3,2018,11,1
2433,2018-11-05,1,2018,11,5
2434,2018-11-07,1,2018,11,7
2435,2018-11-12,2,2018,11,12
2436,2018-11-13,1,2018,11,13
2437,2018-11-14,3,2018,11,14
2438,2018-11-15,1,2018,11,15
2439,2018-11-17,3,2018,11,17
2440,2018-11-19,1,2018,11,19
2441,2018-11-21,2,2018,11,21
2442,2018-11-22,1,2018,11,22
2443,2018-11-26,1,2018,11,26
2444,2018-11-28,2,2018,11,28
2445,2018-11-29,2,2018,11,29
2446,2018-12-05,1,2018,12,5
2447,2018-12-10,1,2018,12,10
2448,2018-12-11,1,2018,12,11
2449,2018-12-12,1,2018,12,12
2450,2018-12-14,4,2018,12,14
2451,2018-12-15,3,2018,12,15
2452,2018-12-19,2,2018,12,19
2453,2018-12-23,1,2018,12,23
2454,2018-12-24,1,2018,12,24
2455,2018-12-27,7,2018,12,27
2456,2018-12-29,2,2018,12,29
2457,2018-12-30,6,2018,12,30
2458,2018-12-31,4,2018,12,31
2459,2019-01-01,2,2019,1,1
2460,2019-01-02,1,2019,1,2
2461,2019-01-04,62,2019,1,4
2462,2019-01-05,8,2019,1,5
2463,2019-01-11,92,2019,1,11
2464,2019-01-12,21,2019,1,12
2465,2019-01-13,1,2019,1,13
2466,2019-01-15,8,2019,1,15
2467,2019-01-16,5,2019,1,16
2468,2019-01-17,7,2019,1,17
2469,2019-01-18,5,2019,1,18
2470,2019-01-19,6,2019,1,19
2471,2019-01-20,2,2019,1,20
2472,2019-01-21,2,2019,1,21
2473,2019-01-22,2,2019,1,22
2474,2019-01-23,2,2019,1,23
2475,2019-01-24,1,2019,1,24
2476,2019-01-25,4,2019,1,25
2477,2019-01-27,2,2019,1,27
2478,2019-01-29,3,2019,1,29
2479,2019-02-02,2,2019,2,2
2480,2019-02-03,1,2019,2,3
2481,2019-02-04,5,2019,2,4
2482,2019-02-05,5,2019,2,5
2483,2019-02-06,1,2019,2,6
2484,2019-02-07,3,2019,2,7
2485,2019-02-08,1,2019,2,8
2486,2019-02-09,1,2019,2,9
2487,2019-02-11,4,2019,2,11
2488,2019-02-12,3,2019,2,12
2489,2019-02-13,1,2019,2,13
2490,2019-02-14,2,2019,2,14
2491,2019-02-15,1,2019,2,15
2492,2019-02-17,1,2019,2,17
2493,2019-02-18,3,2019,2,18
2494,2019-02-19,2,2019,2,19
2495,2019-02-21,1,2019,2,21
2496,2019-02-22,1,2019,2,22
2497,2019-02-23,1,2019,2,23
2498,2019-02-25,1,2019,2,25
2499,2019-02-26,1,2019,2,26
2500,2019-02-27,1,2019,2,27
2501,2019-02-28,1,2019,2,28
2502,2019-03-01,3,2019,3,1
2503,2019-03-02,1,2019,3,2
2504,2019-03-05,9,2019,3,5
2505,2019-03-07,5,2019,3,7
2506,2019-03-08,3,2019,3,8
2507,2019-03-09,2,2019,3,9
2508,2019-03-10,3,2019,3,10
2509,2019-03-11,200,2019,3,11
2510,2019-03-12,48,2019,3,12
2511,2019-03-13,13,2019,3,13
2512,2019-03-14,8,2019,3,14
2513,2019-03-15,5,2019,3,15
2514,2019-03-16,2,2019,3,16
2515,2019-03-17,6,2019,3,17
2516,2019-03-18,3,2019,3,18
2517,2019-03-19,8,2019,3,19
2518,2019-03-20,8,2019,3,20
2519,2019-03-21,7,2019,3,21
2520,2019-03-22,3,2019,3,22
2521,2019-03-23,5,2019,3,23
2522,2019-03-25,4,2019,3,25
2523,2019-03-26,11,2019,3,26
2524,2019-03-27,3,2019,3,27
2525,2019-03-28,1,2019,3,28
2526,2019-03-29,13,2019,3,29
2527,2019-03-30,2,2019,3,30
2528,2019-04-01,3,2019,4,1
2529,2019-04-02,1,2019,4,2
